0.00E+00;6.49E+15;0.00E+00;6.49E+00
1.56E+16;5.82E+15;1.56E+00;5.82E+00
3.13E+16;4.05E+15;3.13E+00;4.05E+00
4.69E+16;1.82E+15;4.69E+00;1.82E+00
6.25E+16;1.20E+14;6.25E+00;1.20E-01
7.81E+16;1.23E+15;7.81E+00;1.23E+00
9.38E+16;1.34E+15;9.38E+00;1.34E+00
1.09E+17;7.24E+14;1.09E+01;7.24E-01
1.25E+17;1.21E+14;1.25E+01;1.21E-01
1.41E+17;7.08E+14;1.41E+01;7.08E-01
1.56E+17;7.84E+14;1.56E+01;7.84E-01
1.72E+17;4.06E+14;1.72E+01;4.06E-01
1.88E+17;1.44E+14;1.88E+01;1.44E-01
2.03E+17;5.33E+14;2.03E+01;5.33E-01
2.19E+17;5.70E+14;2.19E+01;5.70E-01
2.34E+17;2.84E+14;2.34E+01;2.84E-01
2.50E+17;1.28E+14;2.50E+01;1.28E-01
2.66E+17;4.11E+14;2.66E+01;4.11E-01
2.81E+17;4.25E+14;2.81E+01;4.25E-01
2.97E+17;1.93E+14;2.97E+01;1.93E-01
3.13E+17;1.24E+14;3.13E+01;1.24E-01
3.28E+17;3.25E+14;3.28E+01;3.25E-01
3.44E+17;3.03E+14;3.44E+01;3.03E-01
3.59E+17;8.80E+13;3.59E+01;8.80E-02
3.75E+17;1.78E+14;3.75E+01;1.78E-01
3.91E+17;3.32E+14;3.91E+01;3.32E-01
4.06E+17;2.87E+14;4.06E+01;2.87E-01
4.22E+17;8.38E+13;4.22E+01;8.38E-02
4.38E+17;1.56E+14;4.38E+01;1.56E-01
4.53E+17;2.78E+14;4.53E+01;2.78E-01
4.69E+17;2.23E+14;4.69E+01;2.23E-01
4.84E+17;3.65E+13;4.84E+01;3.65E-02
5.00E+17;1.65E+14;5.00E+01;1.65E-01
5.16E+17;2.49E+14;5.16E+01;2.49E-01
5.31E+17;1.70E+14;5.31E+01;1.70E-01
5.47E+17;5.18E+13;5.47E+01;5.18E-02
5.63E+17;2.07E+14;5.63E+01;2.07E-01
5.78E+17;2.59E+14;5.78E+01;2.59E-01
5.94E+17;1.60E+14;5.94E+01;1.60E-01
6.09E+17;6.59E+13;6.09E+01;6.59E-02
6.25E+17;2.04E+14;6.25E+01;2.04E-01
6.41E+17;2.26E+14;6.41E+01;2.26E-01
6.56E+17;1.15E+14;6.56E+01;1.15E-01
6.72E+17;1.48E+14;6.72E+01;1.48E-01
6.88E+17;2.72E+14;6.88E+01;2.72E-01
7.03E+17;2.49E+14;7.03E+01;2.49E-01
7.19E+17;7.32E+13;7.19E+01;7.32E-02
7.34E+17;1.66E+14;7.34E+01;1.66E-01
7.50E+17;3.04E+14;7.50E+01;3.04E-01
7.66E+17;2.54E+14;7.66E+01;2.54E-01
7.81E+17;5.23E+13;7.81E+01;5.23E-02
7.97E+17;2.38E+14;7.97E+01;2.38E-01
8.13E+17;3.66E+14;8.13E+01;3.66E-01
8.28E+17;2.58E+14;8.28E+01;2.58E-01
8.44E+17;5.39E+13;8.44E+01;5.39E-02
8.59E+17;3.75E+14;8.59E+01;3.75E-01
8.75E+17;5.00E+14;8.75E+01;5.00E-01
8.91E+17;2.94E+14;8.91E+01;2.94E-01
9.06E+17;1.99E+14;9.06E+01;1.99E-01
9.22E+17;6.99E+14;9.22E+01;6.99E-01
9.38E+17;8.77E+14;9.38E+01;8.77E-01
9.53E+17;4.63E+14;9.53E+01;4.63E-01
9.69E+17;5.79E+14;9.69E+01;5.79E-01
9.84E+17;1.99E+15;9.84E+01;1.99E+00
1.00E+18;3.30E+15;1.00E+02;3.30E+00
1.02E+18;4.06E+15;1.02E+02;4.06E+00
1.03E+18;3.97E+15;1.03E+02;3.97E+00
1.05E+18;3.06E+15;1.05E+02;3.06E+00
1.06E+18;1.67E+15;1.06E+02;1.67E+00
1.08E+18;2.99E+14;1.08E+02;2.99E-01
1.09E+18;6.36E+14;1.09E+02;6.36E-01
1.11E+18;9.17E+14;1.11E+02;9.17E-01
1.13E+18;6.30E+14;1.13E+02;6.30E-01
1.14E+18;8.02E+13;1.14E+02;8.02E-02
1.16E+18;4.12E+14;1.16E+02;4.12E-01
1.17E+18;5.77E+14;1.17E+02;5.77E-01
1.19E+18;3.97E+14;1.19E+02;3.97E-01
1.20E+18;2.74E+13;1.20E+02;2.74E-02
1.22E+18;3.09E+14;1.22E+02;3.09E-01
1.23E+18;4.28E+14;1.23E+02;4.28E-01
1.25E+18;2.96E+14;1.25E+02;2.96E-01
1.27E+18;3.32E+13;1.27E+02;3.32E-02
1.28E+18;2.35E+14;1.28E+02;2.35E-01
1.30E+18;3.21E+14;1.30E+02;3.21E-01
1.31E+18;2.15E+14;1.31E+02;2.15E-01
1.33E+18;4.29E+12;1.33E+02;4.29E-03
1.34E+18;1.92E+14;1.34E+02;1.92E-01
1.36E+18;2.48E+14;1.36E+02;2.48E-01
1.38E+18;1.51E+14;1.38E+02;1.51E-01
1.39E+18;7.34E+13;1.39E+02;7.34E-02
1.41E+18;2.11E+14;1.41E+02;2.11E-01
1.42E+18;2.46E+14;1.42E+02;2.46E-01
1.44E+18;1.52E+14;1.44E+02;1.52E-01
1.45E+18;5.99E+13;1.45E+02;5.99E-02
1.47E+18;1.70E+14;1.47E+02;1.70E-01
1.48E+18;1.94E+14;1.48E+02;1.94E-01
1.50E+18;1.02E+14;1.50E+02;1.02E-01
1.52E+18;6.44E+13;1.52E+02;6.44E-02
1.53E+18;1.78E+14;1.53E+02;1.78E-01
1.55E+18;1.96E+14;1.55E+02;1.96E-01
1.56E+18;1.06E+14;1.56E+02;1.06E-01
1.58E+18;4.35E+13;1.58E+02;4.35E-02
1.59E+18;1.52E+14;1.59E+02;1.52E-01
1.61E+18;1.71E+14;1.61E+02;1.71E-01
1.63E+18;9.56E+13;1.63E+02;9.56E-02
1.64E+18;5.37E+13;1.64E+02;5.37E-02
1.66E+18;1.37E+14;1.66E+02;1.37E-01
1.67E+18;1.44E+14;1.67E+02;1.44E-01
1.69E+18;6.29E+13;1.69E+02;6.29E-02
1.70E+18;5.97E+13;1.70E+02;5.97E-02
1.72E+18;1.49E+14;1.72E+02;1.49E-01
1.73E+18;1.56E+14;1.73E+02;1.56E-01
1.75E+18;7.84E+13;1.75E+02;7.84E-02
1.77E+18;4.19E+13;1.77E+02;4.19E-02
1.78E+18;1.27E+14;1.78E+02;1.27E-01
1.80E+18;1.38E+14;1.80E+02;1.38E-01
1.81E+18;7.59E+13;1.81E+02;7.59E-02
1.83E+18;5.27E+13;1.83E+02;5.27E-02
1.84E+18;1.16E+14;1.84E+02;1.16E-01
1.86E+18;1.17E+14;1.86E+02;1.17E-01
1.88E+18;5.12E+13;1.88E+02;5.12E-02
1.89E+18;5.76E+13;1.89E+02;5.76E-02
1.91E+18;1.23E+14;1.91E+02;1.23E-01
1.92E+18;1.21E+14;1.92E+02;1.21E-01
1.94E+18;5.16E+13;1.94E+02;5.16E-02
1.95E+18;4.81E+13;1.95E+02;4.81E-02
1.97E+18;1.13E+14;1.97E+02;1.13E-01
1.98E+18;1.09E+14;1.98E+02;1.09E-01
2.00E+18;4.02E+13;2.00E+02;4.02E-02
2.02E+18;7.12E+13;2.02E+02;7.12E-02
2.03E+18;1.45E+14;2.03E+02;1.45E-01
2.05E+18;1.53E+14;2.05E+02;1.53E-01
2.06E+18;9.62E+13;2.06E+02;9.62E-02
2.08E+18;4.24E+13;2.08E+02;4.24E-02
2.09E+18;9.43E+13;2.09E+02;9.43E-02
2.11E+18;1.11E+14;2.11E+02;1.11E-01
2.13E+18;6.94E+13;2.13E+02;6.94E-02
2.14E+18;2.62E+13;2.14E+02;2.62E-02
2.16E+18;7.78E+13;2.16E+02;7.78E-02
2.17E+18;9.35E+13;2.17E+02;9.35E-02
2.19E+18;6.20E+13;2.19E+02;6.20E-02
2.20E+18;4.13E+13;2.20E+02;4.13E-02
2.22E+18;7.49E+13;2.22E+02;7.49E-02
2.23E+18;7.89E+13;2.23E+02;7.89E-02
2.25E+18;4.37E+13;2.25E+02;4.37E-02
2.27E+18;4.38E+13;2.27E+02;4.38E-02
2.28E+18;8.35E+13;2.28E+02;8.35E-02
2.30E+18;8.50E+13;2.30E+02;8.50E-02
2.31E+18;4.22E+13;2.31E+02;4.22E-02
2.33E+18;3.18E+13;2.33E+02;3.18E-02
2.34E+18;8.37E+13;2.34E+02;8.37E-02
2.36E+18;9.91E+13;2.36E+02;9.91E-02
2.38E+18;7.30E+13;2.38E+02;7.30E-02
2.39E+18;2.96E+13;2.39E+02;2.96E-02
2.41E+18;3.31E+13;2.41E+02;3.31E-02
2.42E+18;4.42E+13;2.42E+02;4.42E-02
2.44E+18;3.18E+13;2.44E+02;3.18E-02
2.45E+18;3.68E+13;2.45E+02;3.68E-02
2.47E+18;5.88E+13;2.47E+02;5.88E-02
2.48E+18;6.00E+13;2.48E+02;6.00E-02
2.50E+18;3.70E+13;2.50E+02;3.70E-02
2.52E+18;2.19E+13;2.52E+02;2.19E-02
2.53E+18;4.30E+13;2.53E+02;4.30E-02
2.55E+18;5.48E+13;2.55E+02;5.48E-02
2.56E+18;5.68E+13;2.56E+02;5.68E-02
2.58E+18;5.79E+13;2.58E+02;5.79E-02
2.59E+18;5.11E+13;2.59E+02;5.11E-02
2.61E+18;2.93E+13;2.61E+02;2.93E-02
2.63E+18;2.77E+13;2.63E+02;2.77E-02
2.64E+18;5.61E+13;2.64E+02;5.61E-02
2.66E+18;6.64E+13;2.66E+02;6.64E-02
2.67E+18;5.49E+13;2.67E+02;5.49E-02
2.69E+18;5.58E+13;2.69E+02;5.58E-02
2.70E+18;8.32E+13;2.70E+02;8.32E-02
2.72E+18;9.65E+13;2.72E+02;9.65E-02
2.73E+18;7.77E+13;2.73E+02;7.77E-02
2.75E+18;3.76E+13;2.75E+02;3.76E-02
2.77E+18;3.32E+13;2.77E+02;3.32E-02
2.78E+18;5.37E+13;2.78E+02;5.37E-02
2.80E+18;4.35E+13;2.80E+02;4.35E-02
2.81E+18;1.15E+13;2.81E+02;1.15E-02
2.83E+18;4.53E+13;2.83E+02;4.53E-02
2.84E+18;6.90E+13;2.84E+02;6.90E-02
2.86E+18;5.42E+13;2.86E+02;5.42E-02
2.88E+18;2.49E+13;2.88E+02;2.49E-02
2.89E+18;7.26E+13;2.89E+02;7.26E-02
2.91E+18;1.04E+14;2.91E+02;1.04E-01
2.92E+18;7.50E+13;2.92E+02;7.50E-02
2.94E+18;2.15E+13;2.94E+02;2.15E-02
2.95E+18;1.45E+14;2.95E+02;1.45E-01
2.97E+18;2.31E+14;2.97E+02;2.31E-01
2.98E+18;2.03E+14;2.98E+02;2.03E-01
3.00E+18;1.30E+13;3.00E+02;1.30E-02
3.02E+18;3.30E+14;3.02E+02;3.30E-01
3.03E+18;7.47E+14;3.03E+02;7.47E-01
3.05E+18;1.11E+15;3.05E+02;1.11E+00
3.06E+18;1.31E+15;3.06E+02;1.31E+00
3.08E+18;1.25E+15;3.08E+02;1.25E+00
3.09E+18;9.53E+14;3.09E+02;9.53E-01
3.11E+18;5.10E+14;3.11E+02;5.10E-01
3.13E+18;6.78E+13;3.13E+02;6.78E-02
3.14E+18;2.39E+14;3.14E+02;2.39E-01
3.16E+18;3.35E+14;3.16E+02;3.35E-01
3.17E+18;2.36E+14;3.17E+02;2.36E-01
3.19E+18;3.15E+13;3.19E+02;3.15E-02
3.20E+18;1.59E+14;3.20E+02;1.59E-01
3.22E+18;2.42E+14;3.22E+02;2.42E-01
3.23E+18;1.91E+14;3.23E+02;1.91E-01
3.25E+18;4.85E+13;3.25E+02;4.85E-02
3.27E+18;1.04E+14;3.27E+02;1.04E-01
3.28E+18;1.82E+14;3.28E+02;1.82E-01
3.30E+18;1.57E+14;3.30E+02;1.57E-01
3.31E+18;5.21E+13;3.31E+02;5.21E-02
3.33E+18;6.86E+13;3.33E+02;6.86E-02
3.34E+18;1.38E+14;3.34E+02;1.38E-01
3.36E+18;1.26E+14;3.36E+02;1.26E-01
3.38E+18;5.11E+13;3.38E+02;5.11E-02
3.39E+18;5.22E+13;3.39E+02;5.22E-02
3.41E+18;1.01E+14;3.41E+02;1.01E-01
3.42E+18;8.40E+13;3.42E+02;8.40E-02
3.44E+18;2.44E+13;3.44E+02;2.44E-02
3.45E+18;7.74E+13;3.45E+02;7.74E-02
3.47E+18;1.19E+14;3.47E+02;1.19E-01
3.48E+18;9.98E+13;3.48E+02;9.98E-02
3.50E+18;3.91E+13;3.50E+02;3.91E-02
3.52E+18;6.04E+13;3.52E+02;6.04E-02
3.53E+18;9.66E+13;3.53E+02;9.66E-02
3.55E+18;7.58E+13;3.55E+02;7.58E-02
3.56E+18;1.75E+13;3.56E+02;1.75E-02
3.58E+18;7.02E+13;3.58E+02;7.02E-02
3.59E+18;1.07E+14;3.59E+02;1.07E-01
3.61E+18;8.71E+13;3.61E+02;8.71E-02
3.63E+18;2.15E+13;3.63E+02;2.15E-02
3.64E+18;5.38E+13;3.64E+02;5.38E-02
3.66E+18;9.46E+13;3.66E+02;9.46E-02
3.67E+18;8.23E+13;3.67E+02;8.23E-02
3.69E+18;3.68E+13;3.69E+02;3.68E-02
3.70E+18;5.59E+13;3.70E+02;5.59E-02
3.72E+18;8.47E+13;3.72E+02;8.47E-02
3.73E+18;6.61E+13;3.73E+02;6.61E-02
3.75E+18;2.08E+13;3.75E+02;2.08E-02
3.77E+18;6.55E+13;3.77E+02;6.55E-02
3.78E+18;9.71E+13;3.78E+02;9.71E-02
3.80E+18;7.76E+13;3.80E+02;7.76E-02
3.81E+18;1.70E+13;3.81E+02;1.70E-02
3.83E+18;5.17E+13;3.83E+02;5.17E-02
3.84E+18;9.01E+13;3.84E+02;9.01E-02
3.86E+18;7.95E+13;3.86E+02;7.95E-02
3.88E+18;3.34E+13;3.88E+02;3.34E-02
3.89E+18;4.17E+13;3.89E+02;4.17E-02
3.91E+18;7.05E+13;3.91E+02;7.05E-02
3.92E+18;5.56E+13;3.92E+02;5.56E-02
3.94E+18;1.24E+13;3.94E+02;1.24E-02
3.95E+18;5.81E+13;3.95E+02;5.81E-02
3.97E+18;8.75E+13;3.97E+02;8.75E-02
3.98E+18;7.11E+13;3.98E+02;7.11E-02
4.00E+18;1.90E+13;4.00E+02;1.90E-02
4.02E+18;3.94E+13;4.02E+02;3.94E-02
4.03E+18;6.58E+13;4.03E+02;6.58E-02
4.05E+18;4.37E+13;4.05E+02;4.37E-02
4.06E+18;1.74E+13;4.06E+02;1.74E-02
4.08E+18;8.39E+13;4.08E+02;8.39E-02
4.09E+18;1.20E+14;4.09E+02;1.20E-01
4.11E+18;1.05E+14;4.11E+02;1.05E-01
4.13E+18;5.01E+13;4.13E+02;5.01E-02
4.14E+18;4.43E+13;4.14E+02;4.43E-02
4.16E+18;8.52E+13;4.16E+02;8.52E-02
4.17E+18;8.29E+13;4.17E+02;8.29E-02
4.19E+18;3.80E+13;4.19E+02;3.80E-02
4.20E+18;3.24E+13;4.20E+02;3.24E-02
4.22E+18;7.54E+13;4.22E+02;7.54E-02
4.23E+18;7.88E+13;4.23E+02;7.88E-02
4.25E+18;4.53E+13;4.25E+02;4.53E-02
4.27E+18;3.32E+13;4.27E+02;3.32E-02
4.28E+18;6.22E+13;4.28E+02;6.22E-02
4.30E+18;6.08E+13;4.30E+02;6.08E-02
4.31E+18;3.19E+13;4.31E+02;3.19E-02
4.33E+18;4.92E+13;4.33E+02;4.92E-02
4.34E+18;8.11E+13;4.34E+02;8.11E-02
4.36E+18;7.62E+13;4.36E+02;7.62E-02
4.38E+18;3.43E+13;4.38E+02;3.43E-02
4.39E+18;4.04E+13;4.39E+02;4.04E-02
4.41E+18;8.77E+13;4.41E+02;8.77E-02
4.42E+18;9.99E+13;4.42E+02;9.99E-02
4.44E+18;7.21E+13;4.44E+02;7.21E-02
4.45E+18;2.67E+13;4.45E+02;2.67E-02
4.47E+18;3.38E+13;4.47E+02;3.38E-02
4.48E+18;4.76E+13;4.48E+02;4.76E-02
4.50E+18;3.26E+13;4.50E+02;3.26E-02
4.52E+18;3.10E+13;4.52E+02;3.10E-02
4.53E+18;5.92E+13;4.53E+02;5.92E-02
4.55E+18;6.65E+13;4.55E+02;6.65E-02
4.56E+18;4.25E+13;4.56E+02;4.25E-02
4.58E+18;1.58E+13;4.58E+02;1.58E-02
4.59E+18;5.26E+13;4.59E+02;5.26E-02
4.61E+18;7.44E+13;4.61E+02;7.44E-02
4.63E+18;6.74E+13;4.63E+02;6.74E-02
4.64E+18;4.23E+13;4.64E+02;4.23E-02
4.66E+18;3.33E+13;4.66E+02;3.33E-02
4.67E+18;4.68E+13;4.67E+02;4.68E-02
4.69E+18;4.95E+13;4.69E+02;4.95E-02
4.70E+18;4.22E+13;4.70E+02;4.22E-02
4.72E+18;4.73E+13;4.72E+02;4.73E-02
4.73E+18;6.75E+13;4.73E+02;6.75E-02
4.75E+18;8.43E+13;4.75E+02;8.43E-02
4.77E+18;8.89E+13;4.77E+02;8.89E-02
4.78E+18;8.15E+13;4.78E+02;8.15E-02
4.80E+18;6.91E+13;4.80E+02;6.91E-02
4.81E+18;6.05E+13;4.81E+02;6.05E-02
4.83E+18;5.58E+13;4.83E+02;5.58E-02
4.84E+18;5.05E+13;4.84E+02;5.05E-02
4.86E+18;5.04E+13;4.86E+02;5.04E-02
4.88E+18;5.86E+13;4.88E+02;5.86E-02
4.89E+18;6.35E+13;4.89E+02;6.35E-02
4.91E+18;6.32E+13;4.91E+02;6.32E-02
4.92E+18;7.19E+13;4.92E+02;7.19E-02
4.94E+18;8.38E+13;4.94E+02;8.38E-02
4.95E+18;7.27E+13;4.95E+02;7.27E-02
4.97E+18;3.62E+13;4.97E+02;3.62E-02
4.98E+18;7.77E+13;4.98E+02;7.77E-02
5.00E+18;1.49E+14;5.00E+02;1.49E-01
5.02E+18;1.70E+14;5.02E+02;1.70E-01
5.03E+18;1.05E+14;5.03E+02;1.05E-01
5.05E+18;7.37E+13;5.05E+02;7.37E-02
5.06E+18;2.97E+14;5.06E+02;2.97E-01
5.08E+18;5.33E+14;5.08E+02;5.33E-01
5.09E+18;7.05E+14;5.09E+02;7.05E-01
5.11E+18;7.58E+14;5.11E+02;7.58E-01
5.13E+18;6.75E+14;5.13E+02;6.75E-01
5.14E+18;4.82E+14;5.14E+02;4.82E-01
5.16E+18;2.39E+14;5.16E+02;2.39E-01
5.17E+18;3.05E+13;5.17E+02;3.05E-02
5.19E+18;1.32E+14;5.19E+02;1.32E-01
5.20E+18;1.71E+14;5.20E+02;1.71E-01
5.22E+18;1.19E+14;5.22E+02;1.19E-01
5.23E+18;2.98E+13;5.23E+02;2.98E-02
5.25E+18;8.13E+13;5.25E+02;8.13E-02
5.27E+18;1.25E+14;5.27E+02;1.25E-01
5.28E+18;1.08E+14;5.28E+02;1.08E-01
5.30E+18;5.06E+13;5.30E+02;5.06E-02
5.31E+18;5.56E+13;5.31E+02;5.56E-02
5.33E+18;9.99E+13;5.33E+02;9.99E-02
5.34E+18;1.00E+14;5.34E+02;1.00E-01
5.36E+18;5.61E+13;5.36E+02;5.61E-02
5.38E+18;2.20E+13;5.38E+02;2.20E-02
5.39E+18;7.12E+13;5.39E+02;7.12E-02
5.41E+18;9.13E+13;5.41E+02;9.13E-02
5.42E+18;7.47E+13;5.42E+02;7.47E-02
5.44E+18;4.36E+13;5.44E+02;4.36E-02
5.45E+18;3.61E+13;5.45E+02;3.61E-02
5.47E+18;3.51E+13;5.47E+02;3.51E-02
5.48E+18;1.14E+13;5.48E+02;1.14E-02
5.50E+18;2.66E+13;5.50E+02;2.66E-02
5.52E+18;5.63E+13;5.52E+02;5.63E-02
5.53E+18;5.93E+13;5.53E+02;5.93E-02
5.55E+18;3.32E+13;5.55E+02;3.32E-02
5.56E+18;1.29E+13;5.56E+02;1.29E-02
5.58E+18;4.26E+13;5.58E+02;4.26E-02
5.59E+18;4.68E+13;5.59E+02;4.68E-02
5.61E+18;2.05E+13;5.61E+02;2.05E-02
5.63E+18;2.25E+13;5.63E+02;2.25E-02
5.64E+18;5.66E+13;5.64E+02;5.66E-02
5.66E+18;6.26E+13;5.66E+02;6.26E-02
5.67E+18;3.70E+13;5.67E+02;3.70E-02
5.69E+18;1.46E+13;5.69E+02;1.46E-02
5.70E+18;4.93E+13;5.70E+02;4.93E-02
5.72E+18;6.17E+13;5.72E+02;6.17E-02
5.73E+18;4.59E+13;5.73E+02;4.59E-02
5.75E+18;3.44E+13;5.75E+02;3.44E-02
5.77E+18;5.69E+13;5.77E+02;5.69E-02
5.78E+18;6.76E+13;5.78E+02;6.76E-02
5.80E+18;5.32E+13;5.80E+02;5.32E-02
5.81E+18;3.91E+13;5.81E+02;3.91E-02
5.83E+18;5.55E+13;5.83E+02;5.55E-02
5.84E+18;6.49E+13;5.84E+02;6.49E-02
5.86E+18;4.95E+13;5.86E+02;4.95E-02
5.88E+18;2.86E+13;5.88E+02;2.86E-02
5.89E+18;4.27E+13;5.89E+02;4.27E-02
5.91E+18;5.33E+13;5.91E+02;5.33E-02
5.92E+18;3.85E+13;5.92E+02;3.85E-02
5.94E+18;7.46E+12;5.94E+02;7.46E-03
5.95E+18;2.60E+13;5.95E+02;2.60E-02
5.97E+18;3.59E+13;5.97E+02;3.59E-02
5.98E+18;1.92E+13;5.98E+02;1.92E-02
6.00E+18;1.45E+13;6.00E+02;1.45E-02
6.02E+18;4.56E+13;6.02E+02;4.56E-02
6.03E+18;5.64E+13;6.03E+02;5.64E-02
6.05E+18;4.22E+13;6.05E+02;4.22E-02
6.06E+18;1.64E+13;6.06E+02;1.64E-02
6.08E+18;1.98E+13;6.08E+02;1.98E-02
6.09E+18;2.51E+13;6.09E+02;2.51E-02
6.11E+18;2.71E+13;6.11E+02;2.71E-02
6.13E+18;5.41E+13;6.13E+02;5.41E-02
6.14E+18;7.87E+13;6.14E+02;7.87E-02
6.16E+18;7.69E+13;6.16E+02;7.69E-02
6.17E+18;4.38E+13;6.17E+02;4.38E-02
6.19E+18;9.28E+12;6.19E+02;9.28E-03
6.20E+18;5.20E+13;6.20E+02;5.20E-02
6.22E+18;6.78E+13;6.22E+02;6.78E-02
6.23E+18;4.85E+13;6.23E+02;4.85E-02
6.25E+18;1.13E+13;6.25E+02;1.13E-02
6.27E+18;3.94E+13;6.27E+02;3.94E-02
6.28E+18;5.80E+13;6.28E+02;5.80E-02
6.30E+18;4.52E+13;6.30E+02;4.52E-02
6.31E+18;1.43E+13;6.31E+02;1.43E-02
6.33E+18;2.99E+13;6.33E+02;2.99E-02
6.34E+18;4.23E+13;6.34E+02;4.23E-02
6.36E+18;2.61E+13;6.36E+02;2.61E-02
6.38E+18;1.98E+13;6.38E+02;1.98E-02
6.39E+18;5.28E+13;6.39E+02;5.28E-02
6.41E+18;6.32E+13;6.41E+02;6.32E-02
6.42E+18;3.92E+13;6.42E+02;3.92E-02
6.44E+18;9.93E+12;6.44E+02;9.93E-03
6.45E+18;6.02E+13;6.45E+02;6.02E-02
6.47E+18;8.68E+13;6.47E+02;8.68E-02
6.48E+18;7.70E+13;6.48E+02;7.70E-02
6.50E+18;3.79E+13;6.50E+02;3.79E-02
6.52E+18;1.24E+13;6.52E+02;1.24E-02
6.53E+18;3.98E+13;6.53E+02;3.98E-02
6.55E+18;3.70E+13;6.55E+02;3.70E-02
6.56E+18;9.39E+12;6.56E+02;9.39E-03
6.58E+18;3.58E+13;6.58E+02;3.58E-02
6.59E+18;5.97E+13;6.59E+02;5.97E-02
6.61E+18;5.35E+13;6.61E+02;5.35E-02
6.63E+18;1.99E+13;6.63E+02;1.99E-02
6.64E+18;2.72E+13;6.64E+02;2.72E-02
6.66E+18;5.85E+13;6.66E+02;5.85E-02
6.67E+18;6.17E+13;6.67E+02;6.17E-02
6.69E+18;3.69E+13;6.69E+02;3.69E-02
6.70E+18;1.12E+13;6.70E+02;1.12E-02
6.72E+18;3.41E+13;6.72E+02;3.41E-02
6.73E+18;3.81E+13;6.73E+02;3.81E-02
6.75E+18;1.99E+13;6.75E+02;1.99E-02
6.77E+18;3.17E+13;6.77E+02;3.17E-02
6.78E+18;6.20E+13;6.78E+02;6.20E-02
6.80E+18;7.46E+13;6.80E+02;7.46E-02
6.81E+18;6.90E+13;6.81E+02;6.90E-02
6.83E+18;6.38E+13;6.83E+02;6.38E-02
6.84E+18;6.98E+13;6.84E+02;6.98E-02
6.86E+18;6.99E+13;6.86E+02;6.99E-02
6.88E+18;5.30E+13;6.88E+02;5.30E-02
6.89E+18;3.48E+13;6.89E+02;3.48E-02
6.91E+18;4.48E+13;6.91E+02;4.48E-02
6.92E+18;5.51E+13;6.92E+02;5.51E-02
6.94E+18;4.69E+13;6.94E+02;4.69E-02
6.95E+18;4.12E+13;6.95E+02;4.12E-02
6.97E+18;6.38E+13;6.97E+02;6.38E-02
6.98E+18;7.94E+13;6.98E+02;7.94E-02
7.00E+18;6.28E+13;7.00E+02;6.28E-02
7.02E+18;2.38E+13;7.02E+02;2.38E-02
7.03E+18;7.22E+13;7.03E+02;7.22E-02
7.05E+18;1.28E+14;7.05E+02;1.28E-01
7.06E+18;1.34E+14;7.06E+02;1.34E-01
7.08E+18;7.05E+13;7.08E+02;7.05E-02
7.09E+18;8.61E+13;7.09E+02;8.61E-02
7.11E+18;2.60E+14;7.11E+02;2.60E-01
7.13E+18;4.27E+14;7.13E+02;4.27E-01
7.14E+18;5.30E+14;7.14E+02;5.30E-01
7.16E+18;5.36E+14;7.16E+02;5.36E-01
7.17E+18;4.42E+14;7.17E+02;4.42E-01
7.19E+18;2.83E+14;7.19E+02;2.83E-01
7.20E+18;1.13E+14;7.20E+02;1.13E-01
7.22E+18;4.70E+13;7.22E+02;4.70E-02
7.23E+18;1.03E+14;7.23E+02;1.03E-01
7.25E+18;9.85E+13;7.25E+02;9.85E-02
7.27E+18;5.24E+13;7.27E+02;5.24E-02
7.28E+18;3.13E+13;7.28E+02;3.13E-02
7.30E+18;6.26E+13;7.30E+02;6.26E-02
7.31E+18;7.21E+13;7.31E+02;7.21E-02
7.33E+18;6.20E+13;7.33E+02;6.20E-02
7.34E+18;5.35E+13;7.34E+02;5.35E-02
7.36E+18;5.66E+13;7.36E+02;5.66E-02
7.38E+18;6.02E+13;7.38E+02;6.02E-02
7.39E+18;5.68E+13;7.39E+02;5.68E-02
7.41E+18;4.42E+13;7.41E+02;4.42E-02
7.42E+18;2.57E+13;7.42E+02;2.57E-02
7.44E+18;3.33E+13;7.44E+02;3.33E-02
7.45E+18;6.12E+13;7.45E+02;6.12E-02
7.47E+18;7.68E+13;7.47E+02;7.68E-02
7.48E+18;6.94E+13;7.48E+02;6.94E-02
7.50E+18;4.13E+13;7.50E+02;4.13E-02
7.52E+18;6.37E+12;7.52E+02;6.37E-03
7.53E+18;2.62E+13;7.53E+02;2.62E-02
7.55E+18;3.97E+13;7.55E+02;3.97E-02
7.56E+18;3.76E+13;7.56E+02;3.76E-02
7.58E+18;2.95E+13;7.58E+02;2.95E-02
7.59E+18;2.39E+13;7.59E+02;2.39E-02
7.61E+18;1.76E+13;7.61E+02;1.76E-02
7.63E+18;8.82E+12;7.63E+02;8.82E-03
7.64E+18;1.12E+13;7.64E+02;1.12E-02
7.66E+18;1.57E+13;7.66E+02;1.57E-02
7.67E+18;1.72E+13;7.67E+02;1.72E-02
7.69E+18;2.57E+13;7.69E+02;2.57E-02
7.70E+18;3.55E+13;7.70E+02;3.55E-02
7.72E+18;3.51E+13;7.72E+02;3.51E-02
7.73E+18;2.36E+13;7.73E+02;2.36E-02
7.75E+18;1.97E+13;7.75E+02;1.97E-02
7.77E+18;3.03E+13;7.77E+02;3.03E-02
7.78E+18;3.13E+13;7.78E+02;3.13E-02
7.80E+18;2.43E+13;7.80E+02;2.43E-02
7.81E+18;3.79E+13;7.81E+02;3.79E-02
7.83E+18;5.95E+13;7.83E+02;5.95E-02
7.84E+18;6.56E+13;7.84E+02;6.56E-02
7.86E+18;5.00E+13;7.86E+02;5.00E-02
7.88E+18;2.40E+13;7.88E+02;2.40E-02
7.89E+18;2.81E+13;7.89E+02;2.81E-02
7.91E+18;4.27E+13;7.91E+02;4.27E-02
7.92E+18;3.94E+13;7.92E+02;3.94E-02
7.94E+18;2.49E+13;7.94E+02;2.49E-02
7.95E+18;2.62E+13;7.95E+02;2.62E-02
7.97E+18;3.46E+13;7.97E+02;3.46E-02
7.98E+18;2.82E+13;7.98E+02;2.82E-02
8.00E+18;7.93E+12;8.00E+02;7.93E-03
8.02E+18;1.63E+13;8.02E+02;1.63E-02
8.03E+18;2.69E+13;8.03E+02;2.69E-02
8.05E+18;2.01E+13;8.05E+02;2.01E-02
8.06E+18;1.42E+13;8.06E+02;1.42E-02
8.08E+18;3.54E+13;8.08E+02;3.54E-02
8.09E+18;4.87E+13;8.09E+02;4.87E-02
8.11E+18;4.22E+13;8.11E+02;4.22E-02
8.13E+18;1.88E+13;8.13E+02;1.88E-02
8.14E+18;2.27E+13;8.14E+02;2.27E-02
8.16E+18;5.10E+13;8.16E+02;5.10E-02
8.17E+18;6.68E+13;8.17E+02;6.68E-02
8.19E+18;6.61E+13;8.19E+02;6.61E-02
8.20E+18;5.19E+13;8.20E+02;5.19E-02
8.22E+18;2.97E+13;8.22E+02;2.97E-02
8.23E+18;1.36E+13;8.23E+02;1.36E-02
8.25E+18;2.85E+13;8.25E+02;2.85E-02
8.27E+18;4.12E+13;8.27E+02;4.12E-02
8.28E+18;4.04E+13;8.28E+02;4.04E-02
8.30E+18;2.97E+13;8.30E+02;2.97E-02
8.31E+18;2.68E+13;8.31E+02;2.68E-02
8.33E+18;3.56E+13;8.33E+02;3.56E-02
8.34E+18;3.64E+13;8.34E+02;3.64E-02
8.36E+18;2.40E+13;8.36E+02;2.40E-02
8.38E+18;8.48E+12;8.38E+02;8.48E-03
8.39E+18;1.49E+13;8.39E+02;1.49E-02
8.41E+18;1.68E+13;8.41E+02;1.68E-02
8.42E+18;1.38E+13;8.42E+02;1.38E-02
8.44E+18;2.62E+13;8.44E+02;2.62E-02
8.45E+18;3.69E+13;8.45E+02;3.69E-02
8.47E+18;3.26E+13;8.47E+02;3.26E-02
8.48E+18;2.14E+13;8.48E+02;2.14E-02
8.50E+18;3.85E+13;8.50E+02;3.85E-02
8.52E+18;6.03E+13;8.52E+02;6.03E-02
8.53E+18;6.35E+13;8.53E+02;6.35E-02
8.55E+18;4.44E+13;8.55E+02;4.44E-02
8.56E+18;1.32E+13;8.56E+02;1.32E-02
8.58E+18;2.00E+13;8.58E+02;2.00E-02
8.59E+18;3.23E+13;8.59E+02;3.23E-02
8.61E+18;2.42E+13;8.61E+02;2.42E-02
8.63E+18;1.41E+13;8.63E+02;1.41E-02
8.64E+18;3.11E+13;8.64E+02;3.11E-02
8.66E+18;4.08E+13;8.66E+02;4.08E-02
8.67E+18;3.61E+13;8.67E+02;3.61E-02
8.69E+18;3.40E+13;8.69E+02;3.40E-02
8.70E+18;4.56E+13;8.70E+02;4.56E-02
8.72E+18;5.06E+13;8.72E+02;5.06E-02
8.73E+18;3.84E+13;8.73E+02;3.84E-02
8.75E+18;1.53E+13;8.75E+02;1.53E-02
8.77E+18;1.47E+13;8.77E+02;1.47E-02
8.78E+18;2.32E+13;8.78E+02;2.32E-02
8.80E+18;1.89E+13;8.80E+02;1.89E-02
8.81E+18;2.78E+13;8.81E+02;2.78E-02
8.83E+18;4.80E+13;8.83E+02;4.80E-02
8.84E+18;5.60E+13;8.84E+02;5.60E-02
8.86E+18;4.72E+13;8.86E+02;4.72E-02
8.88E+18;3.78E+13;8.88E+02;3.78E-02
8.89E+18;4.65E+13;8.89E+02;4.65E-02
8.91E+18;5.22E+13;8.91E+02;5.22E-02
8.92E+18;3.95E+13;8.92E+02;3.95E-02
8.94E+18;1.75E+13;8.94E+02;1.75E-02
8.95E+18;2.69E+13;8.95E+02;2.69E-02
8.97E+18;3.60E+13;8.97E+02;3.60E-02
8.98E+18;2.24E+13;8.98E+02;2.24E-02
9.00E+18;2.13E+13;9.00E+02;2.13E-02
9.02E+18;5.45E+13;9.02E+02;5.45E-02
9.03E+18;6.92E+13;9.03E+02;6.92E-02
9.05E+18;4.98E+13;9.05E+02;4.98E-02
9.06E+18;7.00E+12;9.06E+02;7.00E-03
9.08E+18;6.42E+13;9.08E+02;6.42E-02
9.09E+18;1.06E+14;9.09E+02;1.06E-01
9.11E+18;9.87E+13;9.11E+02;9.87E-02
9.13E+18;2.96E+13;9.13E+02;2.96E-02
9.14E+18;9.34E+13;9.14E+02;9.34E-02
9.16E+18;2.38E+14;9.16E+02;2.38E-01
9.17E+18;3.62E+14;9.17E+02;3.62E-01
9.19E+18;4.26E+14;9.19E+02;4.26E-01
9.20E+18;4.10E+14;9.20E+02;4.10E-01
9.22E+18;3.18E+14;9.22E+02;3.18E-01
9.23E+18;1.82E+14;9.23E+02;1.82E-01
9.25E+18;4.44E+13;9.25E+02;4.44E-02
9.27E+18;5.53E+13;9.27E+02;5.53E-02
9.28E+18;9.26E+13;9.28E+02;9.26E-02
9.30E+18;7.20E+13;9.30E+02;7.20E-02
9.31E+18;1.95E+13;9.31E+02;1.95E-02
9.33E+18;3.68E+13;9.33E+02;3.68E-02
9.34E+18;6.22E+13;9.34E+02;6.22E-02
9.36E+18;5.32E+13;9.36E+02;5.32E-02
9.38E+18;3.04E+13;9.38E+02;3.04E-02
9.39E+18;4.43E+13;9.39E+02;4.43E-02
9.41E+18;6.14E+13;9.41E+02;6.14E-02
9.42E+18;5.44E+13;9.42E+02;5.44E-02
9.44E+18;3.17E+13;9.44E+02;3.17E-02
9.45E+18;2.59E+13;9.45E+02;2.59E-02
9.47E+18;3.31E+13;9.47E+02;3.31E-02
9.48E+18;2.77E+13;9.48E+02;2.77E-02
9.50E+18;3.51E+13;9.50E+02;3.51E-02
9.52E+18;6.04E+13;9.52E+02;6.04E-02
9.53E+18;7.22E+13;9.53E+02;7.22E-02
9.55E+18;5.82E+13;9.55E+02;5.82E-02
9.56E+18;2.41E+13;9.56E+02;2.41E-02
9.58E+18;2.23E+13;9.58E+02;2.23E-02
9.59E+18;4.74E+13;9.59E+02;4.74E-02
9.61E+18;4.91E+13;9.61E+02;4.91E-02
9.63E+18;2.84E+13;9.63E+02;2.84E-02
9.64E+18;1.60E+12;9.64E+02;1.60E-03
9.66E+18;2.40E+13;9.66E+02;2.40E-02
9.67E+18;2.90E+13;9.67E+02;2.90E-02
9.69E+18;1.82E+13;9.69E+02;1.82E-02
9.70E+18;1.31E+13;9.70E+02;1.31E-02
9.72E+18;2.26E+13;9.72E+02;2.26E-02
9.73E+18;2.13E+13;9.73E+02;2.13E-02
9.75E+18;8.92E+12;9.75E+02;8.92E-03
9.77E+18;1.41E+13;9.77E+02;1.41E-02
9.78E+18;2.58E+13;9.78E+02;2.58E-02
9.80E+18;2.72E+13;9.80E+02;2.72E-02
9.81E+18;2.14E+13;9.81E+02;2.14E-02
9.83E+18;1.75E+13;9.83E+02;1.75E-02
9.84E+18;1.92E+13;9.84E+02;1.92E-02
9.86E+18;3.02E+13;9.86E+02;3.02E-02
9.88E+18;4.89E+13;9.88E+02;4.89E-02
9.89E+18;6.21E+13;9.89E+02;6.21E-02
9.91E+18;5.82E+13;9.91E+02;5.82E-02
9.92E+18;3.44E+13;9.92E+02;3.44E-02
9.94E+18;3.56E+12;9.94E+02;3.56E-03
9.95E+18;3.30E+13;9.95E+02;3.30E-02
9.97E+18;4.68E+13;9.97E+02;4.68E-02
9.98E+18;3.77E+13;9.98E+02;3.77E-02
1.00E+19;1.43E+13;1.00E+03;1.43E-02
1.00E+19;1.94E+13;1.00E+03;1.94E-02
1.00E+19;3.22E+13;1.00E+03;3.22E-02
1.00E+19;2.61E+13;1.00E+03;2.61E-02
1.01E+19;9.34E+12;1.01E+03;9.34E-03
1.01E+19;1.98E+13;1.01E+03;1.98E-02
1.01E+19;2.69E+13;1.01E+03;2.69E-02
1.01E+19;1.44E+13;1.01E+03;1.44E-02
1.01E+19;1.22E+13;1.01E+03;1.22E-02
1.01E+19;3.79E+13;1.01E+03;3.79E-02
1.02E+19;4.76E+13;1.02E+03;4.76E-02
1.02E+19;3.61E+13;1.02E+03;3.61E-02
1.02E+19;2.51E+13;1.02E+03;2.51E-02
1.02E+19;4.84E+13;1.02E+03;4.84E-02
1.02E+19;6.66E+13;1.02E+03;6.66E-02
1.02E+19;6.12E+13;1.02E+03;6.12E-02
1.03E+19;3.46E+13;1.03E+03;3.46E-02
1.03E+19;9.22E+12;1.03E+03;9.22E-03
1.03E+19;2.70E+13;1.03E+03;2.70E-02
1.03E+19;2.92E+13;1.03E+03;2.92E-02
1.03E+19;1.51E+13;1.03E+03;1.51E-02
1.03E+19;2.61E+13;1.03E+03;2.61E-02
1.03E+19;4.54E+13;1.03E+03;4.54E-02
1.04E+19;4.72E+13;1.04E+03;4.72E-02
1.04E+19;3.08E+13;1.04E+03;3.08E-02
1.04E+19;1.57E+13;1.04E+03;1.57E-02
1.04E+19;2.60E+13;1.04E+03;2.60E-02
1.04E+19;2.72E+13;1.04E+03;2.72E-02
1.04E+19;1.15E+13;1.04E+03;1.15E-02
1.05E+19;1.61E+13;1.05E+03;1.61E-02
1.05E+19;3.42E+13;1.05E+03;3.42E-02
1.05E+19;3.52E+13;1.05E+03;3.52E-02
1.05E+19;1.84E+13;1.05E+03;1.84E-02
1.05E+19;1.94E+13;1.05E+03;1.94E-02
1.05E+19;4.32E+13;1.05E+03;4.32E-02
1.05E+19;5.41E+13;1.05E+03;5.41E-02
1.06E+19;5.00E+13;1.06E+03;5.00E-02
1.06E+19;4.24E+13;1.06E+03;4.24E-02
1.06E+19;4.10E+13;1.06E+03;4.10E-02
1.06E+19;3.58E+13;1.06E+03;3.58E-02
1.06E+19;1.90E+13;1.06E+03;1.90E-02
1.06E+19;1.80E+13;1.06E+03;1.80E-02
1.07E+19;3.87E+13;1.07E+03;3.87E-02
1.07E+19;4.44E+13;1.07E+03;4.44E-02
1.07E+19;2.91E+13;1.07E+03;2.91E-02
1.07E+19;1.96E+13;1.07E+03;1.96E-02
1.07E+19;5.15E+13;1.07E+03;5.15E-02
1.07E+19;7.65E+13;1.07E+03;7.65E-02
1.08E+19;8.06E+13;1.08E+03;8.06E-02
1.08E+19;6.46E+13;1.08E+03;6.46E-02
1.08E+19;4.03E+13;1.08E+03;4.03E-02
1.08E+19;2.58E+13;1.08E+03;2.58E-02
1.08E+19;2.10E+13;1.08E+03;2.10E-02
1.08E+19;7.47E+12;1.08E+03;7.47E-03
1.08E+19;1.88E+13;1.08E+03;1.88E-02
1.09E+19;4.47E+13;1.09E+03;4.47E-02
1.09E+19;5.97E+13;1.09E+03;5.97E-02
1.09E+19;5.68E+13;1.09E+03;5.68E-02
1.09E+19;3.88E+13;1.09E+03;3.88E-02
1.09E+19;2.30E+13;1.09E+03;2.30E-02
1.09E+19;3.07E+13;1.09E+03;3.07E-02
1.10E+19;3.62E+13;1.10E+03;3.62E-02
1.10E+19;2.64E+13;1.10E+03;2.64E-02
1.10E+19;6.42E+12;1.10E+03;6.42E-03
1.10E+19;1.39E+13;1.10E+03;1.39E-02
1.10E+19;2.03E+13;1.10E+03;2.03E-02
1.10E+19;9.21E+12;1.10E+03;9.21E-03
1.10E+19;1.44E+13;1.10E+03;1.44E-02
1.11E+19;3.69E+13;1.11E+03;3.69E-02
1.11E+19;4.36E+13;1.11E+03;4.36E-02
1.11E+19;2.78E+13;1.11E+03;2.78E-02
1.11E+19;2.59E+13;1.11E+03;2.59E-02
1.11E+19;6.45E+13;1.11E+03;6.45E-02
1.11E+19;8.70E+13;1.11E+03;8.70E-02
1.12E+19;7.00E+13;1.12E+03;7.00E-02
1.12E+19;1.93E+13;1.12E+03;1.93E-02
1.12E+19;1.03E+14;1.12E+03;1.03E-01
1.12E+19;2.16E+14;1.12E+03;2.16E-01
1.12E+19;3.06E+14;1.12E+03;3.06E-01
1.12E+19;3.46E+14;1.12E+03;3.46E-01
1.13E+19;3.23E+14;1.13E+03;3.23E-01
1.13E+19;2.45E+14;1.13E+03;2.45E-01
1.13E+19;1.37E+14;1.13E+03;1.37E-01
1.13E+19;3.21E+13;1.13E+03;3.21E-02
1.13E+19;4.39E+13;1.13E+03;4.39E-02
1.13E+19;7.04E+13;1.13E+03;7.04E-02
1.13E+19;5.40E+13;1.13E+03;5.40E-02
1.14E+19;1.41E+13;1.14E+03;1.41E-02
1.14E+19;3.13E+13;1.14E+03;3.13E-02
1.14E+19;5.22E+13;1.14E+03;5.22E-02
1.14E+19;4.44E+13;1.14E+03;4.44E-02
1.14E+19;1.55E+13;1.14E+03;1.55E-02
1.14E+19;2.56E+13;1.14E+03;2.56E-02
1.15E+19;4.94E+13;1.15E+03;4.94E-02
1.15E+19;5.10E+13;1.15E+03;5.10E-02
1.15E+19;3.12E+13;1.15E+03;3.12E-02
1.15E+19;5.86E+12;1.15E+03;5.86E-03
1.15E+19;2.35E+13;1.15E+03;2.35E-02
1.15E+19;3.28E+13;1.15E+03;3.28E-02
1.15E+19;3.53E+13;1.15E+03;3.53E-02
1.16E+19;4.67E+13;1.16E+03;4.67E-02
1.16E+19;5.91E+13;1.16E+03;5.91E-02
1.16E+19;5.67E+13;1.16E+03;5.67E-02
1.16E+19;3.62E+13;1.16E+03;3.62E-02
1.16E+19;1.63E+13;1.16E+03;1.63E-02
1.16E+19;3.52E+13;1.16E+03;3.52E-02
1.17E+19;4.76E+13;1.17E+03;4.76E-02
1.17E+19;3.96E+13;1.17E+03;3.96E-02
1.17E+19;1.61E+13;1.17E+03;1.61E-02
1.17E+19;1.11E+13;1.17E+03;1.11E-02
1.17E+19;2.90E+13;1.17E+03;2.90E-02
1.17E+19;3.24E+13;1.17E+03;3.24E-02
1.18E+19;2.55E+13;1.18E+03;2.55E-02
1.18E+19;1.96E+13;1.18E+03;1.96E-02
1.18E+19;1.72E+13;1.18E+03;1.72E-02
1.18E+19;8.80E+12;1.18E+03;8.80E-03
1.18E+19;7.24E+12;1.18E+03;7.24E-03
1.18E+19;2.47E+13;1.18E+03;2.47E-02
1.18E+19;3.62E+13;1.18E+03;3.62E-02
1.19E+19;3.88E+13;1.19E+03;3.88E-02
1.19E+19;3.51E+13;1.19E+03;3.51E-02
1.19E+19;3.13E+13;1.19E+03;3.13E-02
1.19E+19;3.29E+13;1.19E+03;3.29E-02
1.19E+19;4.02E+13;1.19E+03;4.02E-02
1.19E+19;4.74E+13;1.19E+03;4.74E-02
1.20E+19;4.62E+13;1.20E+03;4.62E-02
1.20E+19;3.18E+13;1.20E+03;3.18E-02
1.20E+19;9.21E+12;1.20E+03;9.21E-03
1.20E+19;2.50E+13;1.20E+03;2.50E-02
1.20E+19;4.34E+13;1.20E+03;4.34E-02
1.20E+19;4.50E+13;1.20E+03;4.50E-02
1.20E+19;3.02E+13;1.20E+03;3.02E-02
1.21E+19;1.42E+13;1.21E+03;1.42E-02
1.21E+19;2.40E+13;1.21E+03;2.40E-02
1.21E+19;3.02E+13;1.21E+03;3.02E-02
1.21E+19;2.30E+13;1.21E+03;2.30E-02
1.21E+19;1.27E+13;1.21E+03;1.27E-02
1.21E+19;1.70E+13;1.21E+03;1.70E-02
1.22E+19;1.80E+13;1.22E+03;1.80E-02
1.22E+19;8.68E+12;1.22E+03;8.68E-03
1.22E+19;1.22E+13;1.22E+03;1.22E-02
1.22E+19;2.34E+13;1.22E+03;2.34E-02
1.22E+19;2.70E+13;1.22E+03;2.70E-02
1.22E+19;3.46E+13;1.22E+03;3.46E-02
1.23E+19;5.36E+13;1.23E+03;5.36E-02
1.23E+19;6.81E+13;1.23E+03;6.81E-02
1.23E+19;6.46E+13;1.23E+03;6.46E-02
1.23E+19;4.12E+13;1.23E+03;4.12E-02
1.23E+19;1.36E+13;1.23E+03;1.36E-02
1.23E+19;2.86E+13;1.23E+03;2.86E-02
1.23E+19;3.80E+13;1.23E+03;3.80E-02
1.24E+19;2.50E+13;1.24E+03;2.50E-02
1.24E+19;7.17E+12;1.24E+03;7.17E-03
1.24E+19;3.45E+13;1.24E+03;3.45E-02
1.24E+19;4.88E+13;1.24E+03;4.88E-02
1.24E+19;4.14E+13;1.24E+03;4.14E-02
1.24E+19;1.72E+13;1.24E+03;1.72E-02
1.25E+19;1.16E+13;1.25E+03;1.16E-02
1.25E+19;2.78E+13;1.25E+03;2.78E-02
1.25E+19;2.62E+13;1.25E+03;2.62E-02
1.25E+19;1.37E+13;1.25E+03;1.37E-02
1.25E+19;2.02E+13;1.25E+03;2.02E-02
1.25E+19;2.88E+13;1.25E+03;2.88E-02
1.25E+19;2.09E+13;1.25E+03;2.09E-02
1.26E+19;3.54E+12;1.26E+03;3.54E-03
1.26E+19;2.83E+13;1.26E+03;2.83E-02
1.26E+19;4.44E+13;1.26E+03;4.44E-02
1.26E+19;4.33E+13;1.26E+03;4.33E-02
1.26E+19;2.91E+13;1.26E+03;2.91E-02
1.26E+19;2.25E+13;1.26E+03;2.25E-02
1.27E+19;3.07E+13;1.27E+03;3.07E-02
1.27E+19;3.05E+13;1.27E+03;3.05E-02
1.27E+19;1.87E+13;1.27E+03;1.87E-02
1.27E+19;1.23E+13;1.27E+03;1.23E-02
1.27E+19;2.03E+13;1.27E+03;2.03E-02
1.27E+19;2.09E+13;1.27E+03;2.09E-02
1.28E+19;1.65E+13;1.28E+03;1.65E-02
1.28E+19;1.84E+13;1.28E+03;1.84E-02
1.28E+19;1.73E+13;1.28E+03;1.73E-02
1.28E+19;4.59E+12;1.28E+03;4.59E-03
1.28E+19;2.43E+13;1.28E+03;2.43E-02
1.28E+19;4.88E+13;1.28E+03;4.88E-02
1.28E+19;5.78E+13;1.28E+03;5.78E-02
1.29E+19;4.32E+13;1.29E+03;4.32E-02
1.29E+19;1.09E+13;1.29E+03;1.09E-02
1.29E+19;3.73E+13;1.29E+03;3.73E-02
1.29E+19;6.90E+13;1.29E+03;6.90E-02
1.29E+19;7.70E+13;1.29E+03;7.70E-02
1.29E+19;5.93E+13;1.29E+03;5.93E-02
1.30E+19;2.94E+13;1.30E+03;2.94E-02
1.30E+19;2.59E+13;1.30E+03;2.59E-02
1.30E+19;3.85E+13;1.30E+03;3.85E-02
1.30E+19;3.24E+13;1.30E+03;3.24E-02
1.30E+19;1.02E+13;1.30E+03;1.02E-02
1.30E+19;1.79E+13;1.30E+03;1.79E-02
1.30E+19;3.23E+13;1.30E+03;3.23E-02
1.31E+19;2.72E+13;1.31E+03;2.72E-02
1.31E+19;9.23E+12;1.31E+03;9.23E-03
1.31E+19;2.59E+13;1.31E+03;2.59E-02
1.31E+19;4.15E+13;1.31E+03;4.15E-02
1.31E+19;3.56E+13;1.31E+03;3.56E-02
1.31E+19;1.59E+13;1.31E+03;1.59E-02
1.32E+19;4.15E+13;1.32E+03;4.15E-02
1.32E+19;7.18E+13;1.32E+03;7.18E-02
1.32E+19;7.50E+13;1.32E+03;7.50E-02
1.32E+19;4.03E+13;1.32E+03;4.03E-02
1.32E+19;3.91E+13;1.32E+03;3.91E-02
1.32E+19;1.30E+14;1.32E+03;1.30E-01
1.33E+19;2.17E+14;1.33E+03;2.17E-01
1.33E+19;2.76E+14;1.33E+03;2.76E-01
1.33E+19;2.88E+14;1.33E+03;2.88E-01
1.33E+19;2.53E+14;1.33E+03;2.53E-01
1.33E+19;1.82E+14;1.33E+03;1.82E-01
1.33E+19;9.66E+13;1.33E+03;9.66E-02
1.33E+19;2.53E+13;1.33E+03;2.53E-02
1.34E+19;3.59E+13;1.34E+03;3.59E-02
1.34E+19;5.02E+13;1.34E+03;5.02E-02
1.34E+19;3.86E+13;1.34E+03;3.86E-02
1.34E+19;2.42E+13;1.34E+03;2.42E-02
1.34E+19;3.76E+13;1.34E+03;3.76E-02
1.34E+19;4.88E+13;1.34E+03;4.88E-02
1.35E+19;4.14E+13;1.35E+03;4.14E-02
1.35E+19;1.76E+13;1.35E+03;1.76E-02
1.35E+19;1.50E+13;1.35E+03;1.50E-02
1.35E+19;3.85E+13;1.35E+03;3.85E-02
1.35E+19;4.58E+13;1.35E+03;4.58E-02
1.35E+19;3.42E+13;1.35E+03;3.42E-02
1.35E+19;1.13E+13;1.35E+03;1.13E-02
1.36E+19;2.13E+13;1.36E+03;2.13E-02
1.36E+19;4.02E+13;1.36E+03;4.02E-02
1.36E+19;4.77E+13;1.36E+03;4.77E-02
1.36E+19;4.71E+13;1.36E+03;4.71E-02
1.36E+19;4.48E+13;1.36E+03;4.48E-02
1.36E+19;3.94E+13;1.36E+03;3.94E-02
1.37E+19;2.56E+13;1.37E+03;2.56E-02
1.37E+19;1.11E+13;1.37E+03;1.11E-02
1.37E+19;2.80E+13;1.37E+03;2.80E-02
1.37E+19;4.28E+13;1.37E+03;4.28E-02
1.37E+19;4.15E+13;1.37E+03;4.15E-02
1.37E+19;2.42E+13;1.37E+03;2.42E-02
1.38E+19;4.57E+12;1.38E+03;4.57E-03
1.38E+19;2.43E+13;1.38E+03;2.43E-02
1.38E+19;3.35E+13;1.38E+03;3.35E-02
1.38E+19;2.80E+13;1.38E+03;2.80E-02
1.38E+19;1.62E+13;1.38E+03;1.62E-02
1.38E+19;1.63E+13;1.38E+03;1.63E-02
1.38E+19;1.94E+13;1.38E+03;1.94E-02
1.39E+19;1.16E+13;1.39E+03;1.16E-02
1.39E+19;1.10E+13;1.39E+03;1.10E-02
1.39E+19;3.21E+13;1.39E+03;3.21E-02
1.39E+19;4.89E+13;1.39E+03;4.89E-02
1.39E+19;5.60E+13;1.39E+03;5.60E-02
1.39E+19;5.35E+13;1.39E+03;5.35E-02
1.40E+19;4.55E+13;1.40E+03;4.55E-02
1.40E+19;3.61E+13;1.40E+03;3.61E-02
1.40E+19;2.83E+13;1.40E+03;2.83E-02
1.40E+19;2.19E+13;1.40E+03;2.19E-02
1.40E+19;1.44E+13;1.40E+03;1.44E-02
1.40E+19;6.77E+12;1.40E+03;6.77E-03
1.40E+19;1.54E+13;1.40E+03;1.54E-02
1.41E+19;2.69E+13;1.41E+03;2.69E-02
1.41E+19;3.12E+13;1.41E+03;3.12E-02
1.41E+19;2.55E+13;1.41E+03;2.55E-02
1.41E+19;1.32E+13;1.41E+03;1.32E-02
1.41E+19;1.01E+13;1.41E+03;1.01E-02
1.41E+19;1.69E+13;1.41E+03;1.69E-02
1.42E+19;1.64E+13;1.42E+03;1.64E-02
1.42E+19;9.65E+12;1.42E+03;9.65E-03
1.42E+19;7.16E+12;1.42E+03;7.16E-03
1.42E+19;9.38E+12;1.42E+03;9.38E-03
1.42E+19;6.36E+12;1.42E+03;6.36E-03
1.42E+19;8.01E+12;1.42E+03;8.01E-03
1.43E+19;1.62E+13;1.43E+03;1.62E-02
1.43E+19;2.23E+13;1.43E+03;2.23E-02
1.43E+19;3.22E+13;1.43E+03;3.22E-02
1.43E+19;4.91E+13;1.43E+03;4.91E-02
1.43E+19;6.29E+13;1.43E+03;6.29E-02
1.43E+19;6.26E+13;1.43E+03;6.26E-02
1.43E+19;4.47E+13;1.43E+03;4.47E-02
1.44E+19;1.82E+13;1.44E+03;1.82E-02
1.44E+19;2.32E+13;1.44E+03;2.32E-02
1.44E+19;3.68E+13;1.44E+03;3.68E-02
1.44E+19;3.10E+13;1.44E+03;3.10E-02
1.44E+19;1.03E+13;1.44E+03;1.03E-02
1.44E+19;2.35E+13;1.44E+03;2.35E-02
1.45E+19;4.12E+13;1.45E+03;4.12E-02
1.45E+19;3.99E+13;1.45E+03;3.99E-02
1.45E+19;2.03E+13;1.45E+03;2.03E-02
1.45E+19;6.92E+12;1.45E+03;6.92E-03
1.45E+19;2.67E+13;1.45E+03;2.67E-02
1.45E+19;2.95E+13;1.45E+03;2.95E-02
1.45E+19;1.73E+13;1.45E+03;1.73E-02
1.46E+19;1.75E+13;1.46E+03;1.75E-02
1.46E+19;2.98E+13;1.46E+03;2.98E-02
1.46E+19;2.68E+13;1.46E+03;2.68E-02
1.46E+19;6.86E+12;1.46E+03;6.86E-03
1.46E+19;2.52E+13;1.46E+03;2.52E-02
1.46E+19;4.82E+13;1.46E+03;4.82E-02
1.47E+19;5.31E+13;1.47E+03;5.31E-02
1.47E+19;3.81E+13;1.47E+03;3.81E-02
1.47E+19;1.68E+13;1.47E+03;1.68E-02
1.47E+19;2.26E+13;1.47E+03;2.26E-02
1.47E+19;2.96E+13;1.47E+03;2.96E-02
1.47E+19;2.09E+13;1.47E+03;2.09E-02
1.48E+19;1.37E+13;1.48E+03;1.37E-02
1.48E+19;2.57E+13;1.48E+03;2.57E-02
1.48E+19;2.81E+13;1.48E+03;2.81E-02
1.48E+19;1.55E+13;1.48E+03;1.55E-02
1.48E+19;1.48E+13;1.48E+03;1.48E-02
1.48E+19;3.11E+13;1.48E+03;3.11E-02
1.48E+19;3.35E+13;1.48E+03;3.35E-02
1.49E+19;2.33E+13;1.49E+03;2.33E-02
1.49E+19;2.90E+13;1.49E+03;2.90E-02
1.49E+19;4.38E+13;1.49E+03;4.38E-02
1.49E+19;4.06E+13;1.49E+03;4.06E-02
1.49E+19;1.34E+13;1.49E+03;1.34E-02
1.49E+19;2.90E+13;1.49E+03;2.90E-02
1.50E+19;6.67E+13;1.50E+03;6.67E-02
1.50E+19;8.27E+13;1.50E+03;8.27E-02
1.50E+19;7.06E+13;1.50E+03;7.06E-02
1.50E+19;4.18E+13;1.50E+03;4.18E-02
1.50E+19;3.39E+13;1.50E+03;3.39E-02
1.50E+19;4.72E+13;1.50E+03;4.72E-02
1.50E+19;4.21E+13;1.50E+03;4.21E-02
1.51E+19;1.58E+13;1.51E+03;1.58E-02
1.51E+19;1.74E+13;1.51E+03;1.74E-02
1.51E+19;3.78E+13;1.51E+03;3.78E-02
1.51E+19;3.47E+13;1.51E+03;3.47E-02
1.51E+19;1.54E+13;1.51E+03;1.54E-02
1.51E+19;2.93E+13;1.51E+03;2.93E-02
1.52E+19;4.55E+13;1.52E+03;4.55E-02
1.52E+19;3.53E+13;1.52E+03;3.53E-02
1.52E+19;4.02E+12;1.52E+03;4.02E-03
1.52E+19;4.88E+13;1.52E+03;4.88E-02
1.52E+19;8.09E+13;1.52E+03;8.09E-02
1.52E+19;7.68E+13;1.52E+03;7.68E-02
1.53E+19;2.95E+13;1.53E+03;2.95E-02
1.53E+19;5.37E+13;1.53E+03;5.37E-02
1.53E+19;1.44E+14;1.53E+03;1.44E-01
1.53E+19;2.15E+14;1.53E+03;2.15E-01
1.53E+19;2.46E+14;1.53E+03;2.46E-01
1.53E+19;2.30E+14;1.53E+03;2.30E-01
1.53E+19;1.78E+14;1.53E+03;1.78E-01
1.54E+19;1.09E+14;1.54E+03;1.09E-01
1.54E+19;4.39E+13;1.54E+03;4.39E-02
1.54E+19;2.17E+12;1.54E+03;2.17E-03
1.54E+19;2.21E+13;1.54E+03;2.21E-02
1.54E+19;2.13E+13;1.54E+03;2.13E-02
1.54E+19;8.93E+12;1.54E+03;8.93E-03
1.55E+19;1.15E+13;1.55E+03;1.15E-02
1.55E+19;2.32E+13;1.55E+03;2.32E-02
1.55E+19;2.72E+13;1.55E+03;2.72E-02
1.55E+19;2.28E+13;1.55E+03;2.28E-02
1.55E+19;1.29E+13;1.55E+03;1.29E-02
1.55E+19;1.10E+13;1.55E+03;1.10E-02
1.55E+19;2.14E+13;1.55E+03;2.14E-02
1.56E+19;2.80E+13;1.56E+03;2.80E-02
1.56E+19;2.57E+13;1.56E+03;2.57E-02
1.56E+19;1.44E+13;1.56E+03;1.44E-02
1.56E+19;9.88E+12;1.56E+03;9.88E-03
1.56E+19;2.88E+13;1.56E+03;2.88E-02
1.56E+19;4.50E+13;1.56E+03;4.50E-02
1.57E+19;5.23E+13;1.57E+03;5.23E-02
1.57E+19;4.92E+13;1.57E+03;4.92E-02
1.57E+19;3.82E+13;1.57E+03;3.82E-02
1.57E+19;2.28E+13;1.57E+03;2.28E-02
1.57E+19;6.21E+12;1.57E+03;6.21E-03
1.57E+19;1.00E+13;1.57E+03;1.00E-02
1.58E+19;2.25E+13;1.58E+03;2.25E-02
1.58E+19;2.80E+13;1.58E+03;2.80E-02
1.58E+19;2.43E+13;1.58E+03;2.43E-02
1.58E+19;1.58E+13;1.58E+03;1.58E-02
1.58E+19;1.97E+13;1.58E+03;1.97E-02
1.58E+19;3.03E+13;1.58E+03;3.03E-02
1.58E+19;3.27E+13;1.58E+03;3.27E-02
1.59E+19;2.39E+13;1.59E+03;2.39E-02
1.59E+19;9.47E+12;1.59E+03;9.47E-03
1.59E+19;9.43E+12;1.59E+03;9.43E-03
1.59E+19;1.28E+13;1.59E+03;1.28E-02
1.59E+19;4.53E+12;1.59E+03;4.53E-03
1.59E+19;1.87E+13;1.59E+03;1.87E-02
1.60E+19;4.27E+13;1.60E+03;4.27E-02
1.60E+19;6.11E+13;1.60E+03;6.11E-02
1.60E+19;6.71E+13;1.60E+03;6.71E-02
1.60E+19;6.14E+13;1.60E+03;6.14E-02
1.60E+19;4.46E+13;1.60E+03;4.46E-02
1.60E+19;2.50E+13;1.60E+03;2.50E-02
1.60E+19;1.01E+13;1.60E+03;1.01E-02
1.61E+19;1.12E+13;1.61E+03;1.12E-02
1.61E+19;1.63E+13;1.61E+03;1.63E-02
1.61E+19;1.65E+13;1.61E+03;1.65E-02
1.61E+19;1.29E+13;1.61E+03;1.29E-02
1.61E+19;1.26E+13;1.61E+03;1.26E-02
1.61E+19;1.88E+13;1.61E+03;1.88E-02
1.62E+19;2.31E+13;1.62E+03;2.31E-02
1.62E+19;2.14E+13;1.62E+03;2.14E-02
1.62E+19;1.41E+13;1.62E+03;1.41E-02
1.62E+19;5.66E+12;1.62E+03;5.66E-03
1.62E+19;7.26E+12;1.62E+03;7.26E-03
1.62E+19;1.03E+13;1.62E+03;1.03E-02
1.63E+19;8.86E+12;1.63E+03;8.86E-03
1.63E+19;7.24E+12;1.63E+03;7.24E-03
1.63E+19;1.26E+13;1.63E+03;1.26E-02
1.63E+19;2.10E+13;1.63E+03;2.10E-02
1.63E+19;2.93E+13;1.63E+03;2.93E-02
1.63E+19;3.68E+13;1.63E+03;3.68E-02
1.63E+19;4.25E+13;1.63E+03;4.25E-02
1.64E+19;4.42E+13;1.64E+03;4.42E-02
1.64E+19;3.94E+13;1.64E+03;3.94E-02
1.64E+19;2.72E+13;1.64E+03;2.72E-02
1.64E+19;1.05E+13;1.64E+03;1.05E-02
1.64E+19;1.02E+13;1.64E+03;1.02E-02
1.64E+19;2.01E+13;1.64E+03;2.01E-02
1.65E+19;1.97E+13;1.65E+03;1.97E-02
1.65E+19;1.02E+13;1.65E+03;1.02E-02
1.65E+19;1.27E+13;1.65E+03;1.27E-02
1.65E+19;2.49E+13;1.65E+03;2.49E-02
1.65E+19;2.81E+13;1.65E+03;2.81E-02
1.65E+19;1.96E+13;1.65E+03;1.96E-02
1.65E+19;7.55E+12;1.65E+03;7.55E-03
1.66E+19;1.69E+13;1.66E+03;1.69E-02
1.66E+19;2.43E+13;1.66E+03;2.43E-02
1.66E+19;2.15E+13;1.66E+03;2.15E-02
1.66E+19;1.39E+13;1.66E+03;1.39E-02
1.66E+19;1.34E+13;1.66E+03;1.34E-02
1.66E+19;1.29E+13;1.66E+03;1.29E-02
1.67E+19;4.48E+12;1.67E+03;4.48E-03
1.67E+19;1.68E+13;1.67E+03;1.68E-02
1.67E+19;3.35E+13;1.67E+03;3.35E-02
1.67E+19;4.00E+13;1.67E+03;4.00E-02
1.67E+19;3.24E+13;1.67E+03;3.24E-02
1.67E+19;1.66E+13;1.67E+03;1.66E-02
1.68E+19;1.63E+13;1.68E+03;1.63E-02
1.68E+19;2.48E+13;1.68E+03;2.48E-02
1.68E+19;2.16E+13;1.68E+03;2.16E-02
1.68E+19;1.09E+13;1.68E+03;1.09E-02
1.68E+19;1.67E+13;1.68E+03;1.67E-02
1.68E+19;2.42E+13;1.68E+03;2.42E-02
1.68E+19;1.92E+13;1.68E+03;1.92E-02
1.69E+19;1.08E+13;1.69E+03;1.08E-02
1.69E+19;2.28E+13;1.69E+03;2.28E-02
1.69E+19;3.17E+13;1.69E+03;3.17E-02
1.69E+19;2.74E+13;1.69E+03;2.74E-02
1.69E+19;1.84E+13;1.69E+03;1.84E-02
1.69E+19;2.31E+13;1.69E+03;2.31E-02
1.70E+19;2.57E+13;1.70E+03;2.57E-02
1.70E+19;1.21E+13;1.70E+03;1.21E-02
1.70E+19;2.01E+13;1.70E+03;2.01E-02
1.70E+19;5.09E+13;1.70E+03;5.09E-02
1.70E+19;6.85E+13;1.70E+03;6.85E-02
1.70E+19;6.31E+13;1.70E+03;6.31E-02
1.70E+19;3.82E+13;1.70E+03;3.82E-02
1.71E+19;2.24E+13;1.71E+03;2.24E-02
1.71E+19;3.85E+13;1.71E+03;3.85E-02
1.71E+19;4.14E+13;1.71E+03;4.14E-02
1.71E+19;2.24E+13;1.71E+03;2.24E-02
1.71E+19;9.97E+12;1.71E+03;9.97E-03
1.71E+19;3.42E+13;1.71E+03;3.42E-02
1.72E+19;3.99E+13;1.72E+03;3.99E-02
1.72E+19;2.68E+13;1.72E+03;2.68E-02
1.72E+19;2.42E+13;1.72E+03;2.42E-02
1.72E+19;3.88E+13;1.72E+03;3.88E-02
1.72E+19;3.53E+13;1.72E+03;3.53E-02
1.72E+19;6.44E+12;1.72E+03;6.44E-03
1.73E+19;3.67E+13;1.73E+03;3.67E-02
1.73E+19;6.94E+13;1.73E+03;6.94E-02
1.73E+19;6.95E+13;1.73E+03;6.95E-02
1.73E+19;2.64E+13;1.73E+03;2.64E-02
1.73E+19;5.14E+13;1.73E+03;5.14E-02
1.73E+19;1.39E+14;1.73E+03;1.39E-01
1.73E+19;2.07E+14;1.73E+03;2.07E-01
1.74E+19;2.31E+14;1.74E+03;2.31E-01
1.74E+19;2.05E+14;1.74E+03;2.05E-01
1.74E+19;1.43E+14;1.74E+03;1.43E-01
1.74E+19;6.76E+13;1.74E+03;6.76E-02
1.74E+19;5.90E+12;1.74E+03;5.90E-03
1.74E+19;2.66E+13;1.74E+03;2.66E-02
1.75E+19;2.83E+13;1.75E+03;2.83E-02
1.75E+19;1.03E+13;1.75E+03;1.03E-02
1.75E+19;1.23E+13;1.75E+03;1.23E-02
1.75E+19;2.54E+13;1.75E+03;2.54E-02
1.75E+19;2.60E+13;1.75E+03;2.60E-02
1.75E+19;2.03E+13;1.75E+03;2.03E-02
1.75E+19;1.95E+13;1.75E+03;1.95E-02
1.76E+19;2.21E+13;1.76E+03;2.21E-02
1.76E+19;2.05E+13;1.76E+03;2.05E-02
1.76E+19;1.55E+13;1.76E+03;1.55E-02
1.76E+19;1.19E+13;1.76E+03;1.19E-02
1.76E+19;9.69E+12;1.76E+03;9.69E-03
1.76E+19;8.01E+12;1.76E+03;8.01E-03
1.77E+19;1.68E+13;1.77E+03;1.68E-02
1.77E+19;3.24E+13;1.77E+03;3.24E-02
1.77E+19;4.73E+13;1.77E+03;4.73E-02
1.77E+19;5.51E+13;1.77E+03;5.51E-02
1.77E+19;5.19E+13;1.77E+03;5.19E-02
1.77E+19;3.74E+13;1.77E+03;3.74E-02
1.78E+19;1.65E+13;1.78E+03;1.65E-02
1.78E+19;9.35E+12;1.78E+03;9.35E-03
1.78E+19;2.04E+13;1.78E+03;2.04E-02
1.78E+19;2.20E+13;1.78E+03;2.20E-02
1.78E+19;1.74E+13;1.78E+03;1.74E-02
1.78E+19;1.93E+13;1.78E+03;1.93E-02
1.78E+19;2.63E+13;1.78E+03;2.63E-02
1.79E+19;2.83E+13;1.79E+03;2.83E-02
1.79E+19;2.42E+13;1.79E+03;2.42E-02
1.79E+19;1.79E+13;1.79E+03;1.79E-02
1.79E+19;1.22E+13;1.79E+03;1.22E-02
1.79E+19;5.46E+12;1.79E+03;5.46E-03
1.79E+19;4.89E+12;1.79E+03;4.89E-03
1.80E+19;1.04E+13;1.80E+03;1.04E-02
1.80E+19;9.69E+12;1.80E+03;9.69E-03
1.80E+19;1.55E+13;1.80E+03;1.55E-02
1.80E+19;3.71E+13;1.80E+03;3.71E-02
1.80E+19;6.02E+13;1.80E+03;6.02E-02
1.80E+19;7.40E+13;1.80E+03;7.40E-02
1.80E+19;7.24E+13;1.80E+03;7.24E-02
1.81E+19;5.55E+13;1.81E+03;5.55E-02
1.81E+19;3.00E+13;1.81E+03;3.00E-02
1.81E+19;8.14E+12;1.81E+03;8.14E-03
1.81E+19;1.86E+13;1.81E+03;1.86E-02
1.81E+19;2.84E+13;1.81E+03;2.84E-02
1.81E+19;3.07E+13;1.81E+03;3.07E-02
1.82E+19;2.62E+13;1.82E+03;2.62E-02
1.82E+19;1.61E+13;1.82E+03;1.61E-02
1.82E+19;1.10E+13;1.82E+03;1.10E-02
1.82E+19;2.29E+13;1.82E+03;2.29E-02
1.82E+19;3.14E+13;1.82E+03;3.14E-02
1.82E+19;2.90E+13;1.82E+03;2.90E-02
1.83E+19;1.57E+13;1.83E+03;1.57E-02
1.83E+19;2.70E+12;1.83E+03;2.70E-03
1.83E+19;1.79E+13;1.83E+03;1.79E-02
1.83E+19;2.32E+13;1.83E+03;2.32E-02
1.83E+19;1.82E+13;1.83E+03;1.82E-02
1.83E+19;1.79E+13;1.83E+03;1.79E-02
1.83E+19;3.34E+13;1.83E+03;3.34E-02
1.84E+19;4.82E+13;1.84E+03;4.82E-02
1.84E+19;5.42E+13;1.84E+03;5.42E-02
1.84E+19;5.03E+13;1.84E+03;5.03E-02
1.84E+19;3.91E+13;1.84E+03;3.91E-02
1.84E+19;2.50E+13;1.84E+03;2.50E-02
1.84E+19;1.27E+13;1.84E+03;1.27E-02
1.85E+19;7.49E+12;1.85E+03;7.49E-03
1.85E+19;8.10E+12;1.85E+03;8.10E-03
1.85E+19;7.24E+12;1.85E+03;7.24E-03
1.85E+19;6.85E+12;1.85E+03;6.85E-03
1.85E+19;1.02E+13;1.85E+03;1.02E-02
1.85E+19;1.35E+13;1.85E+03;1.35E-02
1.85E+19;1.54E+13;1.85E+03;1.54E-02
1.86E+19;1.71E+13;1.86E+03;1.71E-02
1.86E+19;1.93E+13;1.86E+03;1.93E-02
1.86E+19;1.99E+13;1.86E+03;1.99E-02
1.86E+19;1.71E+13;1.86E+03;1.71E-02
1.86E+19;1.18E+13;1.86E+03;1.18E-02
1.86E+19;6.26E+12;1.86E+03;6.26E-03
1.87E+19;3.37E+12;1.87E+03;3.37E-03
1.87E+19;4.31E+12;1.87E+03;4.31E-03
1.87E+19;8.20E+12;1.87E+03;8.20E-03
1.87E+19;1.30E+13;1.87E+03;1.30E-02
1.87E+19;1.70E+13;1.87E+03;1.70E-02
1.87E+19;1.96E+13;1.87E+03;1.96E-02
1.88E+19;2.13E+13;1.88E+03;2.13E-02
1.88E+19;2.17E+13;1.88E+03;2.17E-02
1.88E+19;2.06E+13;1.88E+03;2.06E-02
1.88E+19;1.85E+13;1.88E+03;1.85E-02
1.88E+19;1.64E+13;1.88E+03;1.64E-02
1.88E+19;1.36E+13;1.88E+03;1.36E-02
1.88E+19;9.20E+12;1.88E+03;9.20E-03
1.89E+19;6.67E+12;1.89E+03;6.67E-03
1.89E+19;1.15E+13;1.89E+03;1.15E-02
1.89E+19;1.63E+13;1.89E+03;1.63E-02
1.89E+19;1.77E+13;1.89E+03;1.77E-02
1.89E+19;1.70E+13;1.89E+03;1.70E-02
1.89E+19;1.85E+13;1.89E+03;1.85E-02
1.90E+19;2.37E+13;1.90E+03;2.37E-02
1.90E+19;2.80E+13;1.90E+03;2.80E-02
1.90E+19;2.62E+13;1.90E+03;2.62E-02
1.90E+19;1.51E+13;1.90E+03;1.51E-02
1.90E+19;5.40E+12;1.90E+03;5.40E-03
1.90E+19;3.04E+13;1.90E+03;3.04E-02
1.90E+19;5.16E+13;1.90E+03;5.16E-02
1.91E+19;6.05E+13;1.91E+03;6.05E-02
1.91E+19;5.25E+13;1.91E+03;5.25E-02
1.91E+19;3.09E+13;1.91E+03;3.09E-02
1.91E+19;1.47E+13;1.91E+03;1.47E-02
1.91E+19;2.82E+13;1.91E+03;2.82E-02
1.91E+19;3.41E+13;1.91E+03;3.41E-02
1.92E+19;2.43E+13;1.92E+03;2.43E-02
1.92E+19;8.02E+12;1.92E+03;8.02E-03
1.92E+19;1.61E+13;1.92E+03;1.61E-02
1.92E+19;2.09E+13;1.92E+03;2.09E-02
1.92E+19;1.32E+13;1.92E+03;1.32E-02
1.92E+19;1.45E+13;1.92E+03;1.45E-02
1.93E+19;2.58E+13;1.93E+03;2.58E-02
1.93E+19;2.30E+13;1.93E+03;2.30E-02
1.93E+19;6.39E+12;1.93E+03;6.39E-03
1.93E+19;3.17E+13;1.93E+03;3.17E-02
1.93E+19;5.43E+13;1.93E+03;5.43E-02
1.93E+19;5.03E+13;1.93E+03;5.03E-02
1.93E+19;1.36E+13;1.93E+03;1.36E-02
1.94E+19;6.11E+13;1.94E+03;6.11E-02
1.94E+19;1.38E+14;1.94E+03;1.38E-01
1.94E+19;1.97E+14;1.94E+03;1.97E-01
1.94E+19;2.16E+14;1.94E+03;2.16E-01
1.94E+19;1.89E+14;1.94E+03;1.89E-01
1.94E+19;1.26E+14;1.94E+03;1.26E-01
1.95E+19;5.35E+13;1.95E+03;5.35E-02
1.95E+19;9.73E+12;1.95E+03;9.73E-03
1.95E+19;3.39E+13;1.95E+03;3.39E-02
1.95E+19;2.89E+13;1.95E+03;2.89E-02
1.95E+19;7.63E+12;1.95E+03;7.63E-03
1.95E+19;2.60E+13;1.95E+03;2.60E-02
1.95E+19;3.97E+13;1.95E+03;3.97E-02
1.96E+19;3.53E+13;1.96E+03;3.53E-02
1.96E+19;2.00E+13;1.96E+03;2.00E-02
1.96E+19;1.67E+13;1.96E+03;1.67E-02
1.96E+19;2.53E+13;1.96E+03;2.53E-02
1.96E+19;2.50E+13;1.96E+03;2.50E-02
1.96E+19;1.58E+13;1.96E+03;1.58E-02
1.97E+19;5.45E+12;1.97E+03;5.45E-03
1.97E+19;5.35E+12;1.97E+03;5.35E-03
1.97E+19;8.99E+12;1.97E+03;8.99E-03
1.97E+19;1.65E+13;1.97E+03;1.65E-02
1.97E+19;2.74E+13;1.97E+03;2.74E-02
1.97E+19;3.81E+13;1.97E+03;3.81E-02
1.98E+19;4.56E+13;1.98E+03;4.56E-02
1.98E+19;4.73E+13;1.98E+03;4.73E-02
1.98E+19;4.07E+13;1.98E+03;4.07E-02
1.98E+19;2.68E+13;1.98E+03;2.68E-02
1.98E+19;1.53E+13;1.98E+03;1.53E-02
1.98E+19;1.97E+13;1.98E+03;1.97E-02
1.98E+19;2.24E+13;1.98E+03;2.24E-02
1.99E+19;1.51E+13;1.99E+03;1.51E-02
1.99E+19;1.38E+13;1.99E+03;1.38E-02
1.99E+19;2.87E+13;1.99E+03;2.87E-02
1.99E+19;3.76E+13;1.99E+03;3.76E-02
1.99E+19;3.36E+13;1.99E+03;3.36E-02
1.99E+19;1.91E+13;1.99E+03;1.91E-02
2.00E+19;5.37E+12;2.00E+03;5.37E-03
2.00E+19;1.23E+13;2.00E+03;1.23E-02
2.00E+19;1.27E+13;2.00E+03;1.27E-02
2.00E+19;4.12E+12;2.00E+03;4.12E-03
2.00E+19;1.17E+13;2.00E+03;1.17E-02
2.00E+19;2.61E+13;2.00E+03;2.61E-02
2.00E+19;4.08E+13;2.00E+03;4.08E-02
2.01E+19;5.65E+13;2.01E+03;5.65E-02
2.01E+19;6.87E+13;2.01E+03;6.87E-02
2.01E+19;7.01E+13;2.01E+03;7.01E-02
2.01E+19;5.64E+13;2.01E+03;5.64E-02
2.01E+19;3.05E+13;2.01E+03;3.05E-02
2.01E+19;5.36E+12;2.01E+03;5.36E-03
2.02E+19;2.30E+13;2.02E+03;2.30E-02
2.02E+19;3.20E+13;2.02E+03;3.20E-02
2.02E+19;2.83E+13;2.02E+03;2.83E-02
2.02E+19;1.84E+13;2.02E+03;1.84E-02
2.02E+19;1.03E+13;2.02E+03;1.03E-02
2.02E+19;5.59E+12;2.02E+03;5.59E-03
2.03E+19;1.15E+13;2.03E+03;1.15E-02
2.03E+19;2.23E+13;2.03E+03;2.23E-02
2.03E+19;2.72E+13;2.03E+03;2.72E-02
2.03E+19;2.10E+13;2.03E+03;2.10E-02
2.03E+19;6.30E+12;2.03E+03;6.30E-03
2.03E+19;1.36E+13;2.03E+03;1.36E-02
2.03E+19;2.31E+13;2.03E+03;2.31E-02
2.04E+19;1.89E+13;2.04E+03;1.89E-02
2.04E+19;1.30E+13;2.04E+03;1.30E-02
2.04E+19;3.54E+13;2.04E+03;3.54E-02
2.04E+19;5.84E+13;2.04E+03;5.84E-02
2.04E+19;6.82E+13;2.04E+03;6.82E-02
2.04E+19;6.09E+13;2.04E+03;6.09E-02
2.05E+19;4.12E+13;2.05E+03;4.12E-02
2.05E+19;2.20E+13;2.05E+03;2.20E-02
2.05E+19;2.01E+13;2.05E+03;2.01E-02
2.05E+19;2.26E+13;2.05E+03;2.26E-02
2.05E+19;1.61E+13;2.05E+03;1.61E-02
2.05E+19;4.75E+12;2.05E+03;4.75E-03
2.05E+19;1.25E+13;2.05E+03;1.25E-02
2.06E+19;2.03E+13;2.06E+03;2.03E-02
2.06E+19;2.04E+13;2.06E+03;2.04E-02
2.06E+19;1.36E+13;2.06E+03;1.36E-02
2.06E+19;2.94E+12;2.06E+03;2.94E-03
2.06E+19;8.34E+12;2.06E+03;8.34E-03
2.06E+19;1.71E+13;2.06E+03;1.71E-02
2.07E+19;2.15E+13;2.07E+03;2.15E-02
2.07E+19;2.09E+13;2.07E+03;2.09E-02
2.07E+19;1.59E+13;2.07E+03;1.59E-02
2.07E+19;8.02E+12;2.07E+03;8.02E-03
2.07E+19;2.13E+12;2.07E+03;2.13E-03
2.07E+19;1.14E+13;2.07E+03;1.14E-02
2.08E+19;1.93E+13;2.08E+03;1.93E-02
2.08E+19;2.31E+13;2.08E+03;2.31E-02
2.08E+19;2.18E+13;2.08E+03;2.18E-02
2.08E+19;1.77E+13;2.08E+03;1.77E-02
2.08E+19;1.69E+13;2.08E+03;1.69E-02
2.08E+19;2.02E+13;2.08E+03;2.02E-02
2.08E+19;2.11E+13;2.08E+03;2.11E-02
2.09E+19;1.71E+13;2.09E+03;1.71E-02
2.09E+19;1.02E+13;2.09E+03;1.02E-02
2.09E+19;4.12E+12;2.09E+03;4.12E-03
2.09E+19;2.07E+12;2.09E+03;2.07E-03
2.09E+19;8.41E+12;2.09E+03;8.41E-03
2.09E+19;1.57E+13;2.09E+03;1.57E-02
2.10E+19;1.89E+13;2.10E+03;1.89E-02
2.10E+19;1.40E+13;2.10E+03;1.40E-02
2.10E+19;1.39E+12;2.10E+03;1.39E-03
2.10E+19;1.47E+13;2.10E+03;1.47E-02
2.10E+19;2.54E+13;2.10E+03;2.54E-02
2.10E+19;2.47E+13;2.10E+03;2.47E-02
2.10E+19;1.34E+13;2.10E+03;1.34E-02
2.11E+19;2.24E+13;2.11E+03;2.24E-02
2.11E+19;4.68E+13;2.11E+03;4.68E-02
2.11E+19;6.33E+13;2.11E+03;6.33E-02
2.11E+19;6.45E+13;2.11E+03;6.45E-02
2.11E+19;5.02E+13;2.11E+03;5.02E-02
2.11E+19;2.72E+13;2.11E+03;2.72E-02
2.12E+19;9.36E+12;2.12E+03;9.36E-03
2.12E+19;1.50E+13;2.12E+03;1.50E-02
2.12E+19;1.63E+13;2.12E+03;1.63E-02
2.12E+19;1.09E+13;2.12E+03;1.09E-02
2.12E+19;1.38E+13;2.12E+03;1.38E-02
2.12E+19;2.07E+13;2.12E+03;2.07E-02
2.13E+19;2.06E+13;2.13E+03;2.06E-02
2.13E+19;1.39E+13;2.13E+03;1.39E-02
2.13E+19;9.28E+12;2.13E+03;9.28E-03
2.13E+19;9.40E+12;2.13E+03;9.40E-03
2.13E+19;4.61E+12;2.13E+03;4.61E-03
2.13E+19;1.73E+13;2.13E+03;1.73E-02
2.13E+19;3.69E+13;2.13E+03;3.69E-02
2.14E+19;4.73E+13;2.14E+03;4.73E-02
2.14E+19;3.72E+13;2.14E+03;3.72E-02
2.14E+19;1.19E+13;2.14E+03;1.19E-02
2.14E+19;5.87E+13;2.14E+03;5.87E-02
2.14E+19;1.19E+14;2.14E+03;1.19E-01
2.14E+19;1.65E+14;2.14E+03;1.65E-01
2.15E+19;1.79E+14;2.15E+03;1.79E-01
2.15E+19;1.57E+14;2.15E+03;1.57E-01
2.15E+19;1.07E+14;2.15E+03;1.07E-01
2.15E+19;4.65E+13;2.15E+03;4.65E-02
2.15E+19;1.35E+13;2.15E+03;1.35E-02
2.15E+19;3.19E+13;2.15E+03;3.19E-02
2.15E+19;2.58E+13;2.15E+03;2.58E-02
2.16E+19;2.69E+12;2.16E+03;2.69E-03
2.16E+19;3.10E+13;2.16E+03;3.10E-02
2.16E+19;4.92E+13;2.16E+03;4.92E-02
2.16E+19;4.73E+13;2.16E+03;4.73E-02
2.16E+19;2.79E+13;2.16E+03;2.79E-02
2.16E+19;1.19E+13;2.16E+03;1.19E-02
2.17E+19;2.78E+13;2.17E+03;2.78E-02
2.17E+19;3.53E+13;2.17E+03;3.53E-02
2.17E+19;2.75E+13;2.17E+03;2.75E-02
2.17E+19;9.99E+12;2.17E+03;9.99E-03
2.17E+19;1.14E+13;2.17E+03;1.14E-02
2.17E+19;2.54E+13;2.17E+03;2.54E-02
2.18E+19;3.27E+13;2.18E+03;3.27E-02
2.18E+19;3.55E+13;2.18E+03;3.55E-02
2.18E+19;3.69E+13;2.18E+03;3.69E-02
2.18E+19;3.74E+13;2.18E+03;3.74E-02
2.18E+19;3.52E+13;2.18E+03;3.52E-02
2.18E+19;2.86E+13;2.18E+03;2.86E-02
2.18E+19;1.87E+13;2.18E+03;1.87E-02
2.19E+19;1.44E+13;2.19E+03;1.44E-02
2.19E+19;2.19E+13;2.19E+03;2.19E-02
2.19E+19;2.63E+13;2.19E+03;2.63E-02
2.19E+19;2.05E+13;2.19E+03;2.05E-02
2.19E+19;7.77E+12;2.19E+03;7.77E-03
2.19E+19;1.93E+13;2.19E+03;1.93E-02
2.20E+19;3.43E+13;2.20E+03;3.43E-02
2.20E+19;3.79E+13;2.20E+03;3.79E-02
2.20E+19;2.78E+13;2.20E+03;2.78E-02
2.20E+19;8.87E+12;2.20E+03;8.87E-03
2.20E+19;9.94E+12;2.20E+03;9.94E-03
2.20E+19;1.95E+13;2.20E+03;1.95E-02
2.20E+19;1.52E+13;2.20E+03;1.52E-02
2.21E+19;7.90E+12;2.21E+03;7.90E-03
2.21E+19;3.11E+13;2.21E+03;3.11E-02
2.21E+19;5.65E+13;2.21E+03;5.65E-02
2.21E+19;7.48E+13;2.21E+03;7.48E-02
2.21E+19;8.12E+13;2.21E+03;8.12E-02
2.21E+19;7.38E+13;2.21E+03;7.38E-02
2.22E+19;5.39E+13;2.22E+03;5.39E-02
2.22E+19;2.64E+13;2.22E+03;2.64E-02
2.22E+19;7.24E+12;2.22E+03;7.24E-03
2.22E+19;2.40E+13;2.22E+03;2.40E-02
2.22E+19;3.12E+13;2.22E+03;3.12E-02
2.22E+19;2.63E+13;2.22E+03;2.63E-02
2.23E+19;1.54E+13;2.23E+03;1.54E-02
2.23E+19;6.99E+12;2.23E+03;6.99E-03
2.23E+19;2.71E+12;2.23E+03;2.71E-03
2.23E+19;9.16E+12;2.23E+03;9.16E-03
2.23E+19;2.17E+13;2.23E+03;2.17E-02
2.23E+19;3.00E+13;2.23E+03;3.00E-02
2.23E+19;2.81E+13;2.23E+03;2.81E-02
2.24E+19;1.77E+13;2.24E+03;1.77E-02
2.24E+19;1.54E+13;2.24E+03;1.54E-02
2.24E+19;2.31E+13;2.24E+03;2.31E-02
2.24E+19;2.03E+13;2.24E+03;2.03E-02
2.24E+19;8.36E+12;2.24E+03;8.36E-03
2.24E+19;2.93E+13;2.24E+03;2.93E-02
2.25E+19;5.43E+13;2.25E+03;5.43E-02
2.25E+19;6.60E+13;2.25E+03;6.60E-02
2.25E+19;5.92E+13;2.25E+03;5.92E-02
2.25E+19;3.83E+13;2.25E+03;3.83E-02
2.25E+19;1.92E+13;2.25E+03;1.92E-02
2.25E+19;2.24E+13;2.25E+03;2.24E-02
2.25E+19;2.39E+13;2.25E+03;2.39E-02
2.26E+19;1.20E+13;2.26E+03;1.20E-02
2.26E+19;7.61E+12;2.26E+03;7.61E-03
2.26E+19;2.50E+13;2.26E+03;2.50E-02
2.26E+19;3.24E+13;2.26E+03;3.24E-02
2.26E+19;2.81E+13;2.26E+03;2.81E-02
2.26E+19;1.65E+13;2.26E+03;1.65E-02
2.27E+19;6.43E+12;2.27E+03;6.43E-03
2.27E+19;7.12E+12;2.27E+03;7.12E-03
2.27E+19;1.20E+13;2.27E+03;1.20E-02
2.27E+19;1.93E+13;2.27E+03;1.93E-02
2.27E+19;2.47E+13;2.27E+03;2.47E-02
2.27E+19;2.28E+13;2.27E+03;2.28E-02
2.28E+19;1.25E+13;2.28E+03;1.25E-02
2.28E+19;3.00E+12;2.28E+03;3.00E-03
2.28E+19;1.68E+13;2.28E+03;1.68E-02
2.28E+19;2.44E+13;2.28E+03;2.44E-02
2.28E+19;2.37E+13;2.28E+03;2.37E-02
2.28E+19;1.67E+13;2.28E+03;1.67E-02
2.28E+19;7.37E+12;2.28E+03;7.37E-03
2.29E+19;1.91E+12;2.29E+03;1.91E-03
2.29E+19;9.32E+12;2.29E+03;9.32E-03
2.29E+19;1.56E+13;2.29E+03;1.56E-02
2.29E+19;1.91E+13;2.29E+03;1.91E-02
2.29E+19;1.80E+13;2.29E+03;1.80E-02
2.29E+19;1.13E+13;2.29E+03;1.13E-02
2.30E+19;4.56E+11;2.30E+03;4.56E-04
2.30E+19;1.20E+13;2.30E+03;1.20E-02
2.30E+19;2.20E+13;2.30E+03;2.20E-02
2.30E+19;2.57E+13;2.30E+03;2.57E-02
2.30E+19;2.08E+13;2.30E+03;2.08E-02
2.30E+19;7.89E+12;2.30E+03;7.89E-03
2.30E+19;8.54E+12;2.30E+03;8.54E-03
2.31E+19;2.16E+13;2.31E+03;2.16E-02
2.31E+19;2.56E+13;2.31E+03;2.56E-02
2.31E+19;2.25E+13;2.31E+03;2.25E-02
2.31E+19;2.93E+13;2.31E+03;2.93E-02
2.31E+19;4.78E+13;2.31E+03;4.78E-02
2.31E+19;6.09E+13;2.31E+03;6.09E-02
2.32E+19;5.95E+13;2.32E+03;5.95E-02
2.32E+19;4.30E+13;2.32E+03;4.30E-02
2.32E+19;2.01E+13;2.32E+03;2.01E-02
2.32E+19;1.50E+13;2.32E+03;1.50E-02
2.32E+19;2.24E+13;2.32E+03;2.24E-02
2.32E+19;1.76E+13;2.32E+03;1.76E-02
2.33E+19;2.08E+12;2.33E+03;2.08E-03
2.33E+19;1.56E+13;2.33E+03;1.56E-02
2.33E+19;2.63E+13;2.33E+03;2.63E-02
2.33E+19;2.62E+13;2.33E+03;2.62E-02
2.33E+19;1.85E+13;2.33E+03;1.85E-02
2.33E+19;1.09E+13;2.33E+03;1.09E-02
2.33E+19;5.20E+12;2.33E+03;5.20E-03
2.34E+19;1.14E+13;2.34E+03;1.14E-02
2.34E+19;2.98E+13;2.34E+03;2.98E-02
2.34E+19;4.45E+13;2.34E+03;4.45E-02
2.34E+19;4.37E+13;2.34E+03;4.37E-02
2.34E+19;2.04E+13;2.34E+03;2.04E-02
2.34E+19;2.44E+13;2.34E+03;2.44E-02
2.35E+19;7.89E+13;2.35E+03;7.89E-02
2.35E+19;1.28E+14;2.35E+03;1.28E-01
2.35E+19;1.58E+14;2.35E+03;1.58E-01
2.35E+19;1.59E+14;2.35E+03;1.59E-01
2.35E+19;1.31E+14;2.35E+03;1.31E-01
2.35E+19;8.56E+13;2.35E+03;8.56E-02
2.35E+19;3.52E+13;2.35E+03;3.52E-02
2.36E+19;8.98E+12;2.36E+03;8.98E-03
2.36E+19;2.85E+13;2.36E+03;2.85E-02
2.36E+19;2.75E+13;2.36E+03;2.75E-02
2.36E+19;9.99E+12;2.36E+03;9.99E-03
2.36E+19;1.68E+13;2.36E+03;1.68E-02
2.36E+19;3.61E+13;2.36E+03;3.61E-02
2.37E+19;4.19E+13;2.37E+03;4.19E-02
2.37E+19;3.24E+13;2.37E+03;3.24E-02
2.37E+19;1.61E+13;2.37E+03;1.61E-02
2.37E+19;2.00E+13;2.37E+03;2.00E-02
2.37E+19;3.11E+13;2.37E+03;3.11E-02
2.37E+19;2.99E+13;2.37E+03;2.99E-02
2.38E+19;1.58E+13;2.38E+03;1.58E-02
2.38E+19;6.61E+12;2.38E+03;6.61E-03
2.38E+19;2.63E+13;2.38E+03;2.63E-02
2.38E+19;3.91E+13;2.38E+03;3.91E-02
2.38E+19;4.24E+13;2.38E+03;4.24E-02
2.38E+19;3.81E+13;2.38E+03;3.81E-02
2.38E+19;3.02E+13;2.38E+03;3.02E-02
2.39E+19;2.31E+13;2.39E+03;2.31E-02
2.39E+19;1.95E+13;2.39E+03;1.95E-02
2.39E+19;1.92E+13;2.39E+03;1.92E-02
2.39E+19;1.95E+13;2.39E+03;1.95E-02
2.39E+19;1.90E+13;2.39E+03;1.90E-02
2.39E+19;1.79E+13;2.39E+03;1.79E-02
2.40E+19;1.50E+13;2.40E+03;1.50E-02
2.40E+19;9.66E+12;2.40E+03;9.66E-03
2.40E+19;1.13E+13;2.40E+03;1.13E-02
2.40E+19;2.14E+13;2.40E+03;2.14E-02
2.40E+19;2.73E+13;2.40E+03;2.73E-02
2.40E+19;2.42E+13;2.40E+03;2.42E-02
2.40E+19;1.26E+13;2.40E+03;1.26E-02
2.41E+19;2.95E+12;2.41E+03;2.95E-03
2.41E+19;1.27E+13;2.41E+03;1.27E-02
2.41E+19;1.30E+13;2.41E+03;1.30E-02
2.41E+19;1.65E+13;2.41E+03;1.65E-02
2.41E+19;3.98E+13;2.41E+03;3.98E-02
2.41E+19;6.63E+13;2.41E+03;6.63E-02
2.42E+19;8.38E+13;2.42E+03;8.38E-02
2.42E+19;8.51E+13;2.42E+03;8.51E-02
2.42E+19;6.95E+13;2.42E+03;6.95E-02
2.42E+19;4.25E+13;2.42E+03;4.25E-02
2.42E+19;1.58E+13;2.42E+03;1.58E-02
2.42E+19;1.96E+13;2.42E+03;1.96E-02
2.43E+19;3.14E+13;2.43E+03;3.14E-02
2.43E+19;3.22E+13;2.43E+03;3.22E-02
2.43E+19;2.39E+13;2.43E+03;2.39E-02
2.43E+19;1.19E+13;2.43E+03;1.19E-02
2.43E+19;3.17E+12;2.43E+03;3.17E-03
2.43E+19;3.21E+12;2.43E+03;3.21E-03
2.43E+19;3.01E+12;2.43E+03;3.01E-03
2.44E+19;9.86E+12;2.44E+03;9.86E-03
2.44E+19;1.67E+13;2.44E+03;1.67E-02
2.44E+19;1.89E+13;2.44E+03;1.89E-02
2.44E+19;1.68E+13;2.44E+03;1.68E-02
2.44E+19;1.57E+13;2.44E+03;1.57E-02
2.44E+19;1.57E+13;2.44E+03;1.57E-02
2.45E+19;8.78E+12;2.45E+03;8.78E-03
2.45E+19;9.12E+12;2.45E+03;9.12E-03
2.45E+19;3.38E+13;2.45E+03;3.38E-02
2.45E+19;5.63E+13;2.45E+03;5.63E-02
2.45E+19;6.67E+13;2.45E+03;6.67E-02
2.45E+19;5.90E+13;2.45E+03;5.90E-02
2.45E+19;3.57E+13;2.45E+03;3.57E-02
2.46E+19;1.27E+13;2.46E+03;1.27E-02
2.46E+19;2.75E+13;2.46E+03;2.75E-02
2.46E+19;3.75E+13;2.46E+03;3.75E-02
2.46E+19;3.04E+13;2.46E+03;3.04E-02
2.46E+19;1.17E+13;2.46E+03;1.17E-02
2.46E+19;1.37E+13;2.46E+03;1.37E-02
2.47E+19;2.70E+13;2.47E+03;2.70E-02
2.47E+19;2.83E+13;2.47E+03;2.83E-02
2.47E+19;2.00E+13;2.47E+03;2.00E-02
2.47E+19;1.11E+13;2.47E+03;1.11E-02
2.47E+19;7.58E+12;2.47E+03;7.58E-03
2.47E+19;3.39E+12;2.47E+03;3.39E-03
2.48E+19;1.39E+13;2.48E+03;1.39E-02
2.48E+19;2.67E+13;2.48E+03;2.67E-02
2.48E+19;3.15E+13;2.48E+03;3.15E-02
2.48E+19;2.44E+13;2.48E+03;2.44E-02
2.48E+19;1.00E+13;2.48E+03;1.00E-02
2.48E+19;1.69E+13;2.48E+03;1.69E-02
2.48E+19;2.93E+13;2.48E+03;2.93E-02
2.49E+19;3.05E+13;2.49E+03;3.05E-02
2.49E+19;2.09E+13;2.49E+03;2.09E-02
2.49E+19;6.61E+12;2.49E+03;6.61E-03
2.49E+19;4.86E+12;2.49E+03;4.86E-03
2.49E+19;7.90E+12;2.49E+03;7.90E-03
2.49E+19;8.63E+12;2.49E+03;8.63E-03
2.50E+19;1.69E+13;2.50E+03;1.69E-02
2.50E+19;2.38E+13;2.50E+03;2.38E-02
2.50E+19;2.22E+13;2.50E+03;2.22E-02
2.50E+19;1.31E+13;2.50E+03;1.31E-02
2.50E+19;1.18E+13;2.50E+03;1.18E-02
2.50E+19;2.16E+13;2.50E+03;2.16E-02
2.50E+19;2.45E+13;2.50E+03;2.45E-02
2.51E+19;1.75E+13;2.51E+03;1.75E-02
2.51E+19;7.25E+12;2.51E+03;7.25E-03
2.51E+19;1.33E+13;2.51E+03;1.33E-02
2.51E+19;1.76E+13;2.51E+03;1.76E-02
2.51E+19;1.11E+13;2.51E+03;1.11E-02
2.51E+19;1.28E+13;2.51E+03;1.28E-02
2.52E+19;3.53E+13;2.52E+03;3.53E-02
2.52E+19;5.55E+13;2.52E+03;5.55E-02
2.52E+19;6.49E+13;2.52E+03;6.49E-02
2.52E+19;6.02E+13;2.52E+03;6.02E-02
2.52E+19;4.47E+13;2.52E+03;4.47E-02
2.52E+19;2.90E+13;2.52E+03;2.90E-02
2.53E+19;2.61E+13;2.53E+03;2.61E-02
2.53E+19;2.71E+13;2.53E+03;2.71E-02
2.53E+19;1.91E+13;2.53E+03;1.91E-02
2.53E+19;3.34E+12;2.53E+03;3.34E-03
2.53E+19;1.81E+13;2.53E+03;1.81E-02
2.53E+19;3.19E+13;2.53E+03;3.19E-02
2.53E+19;3.57E+13;2.53E+03;3.57E-02
2.54E+19;3.00E+13;2.54E+03;3.00E-02
2.54E+19;1.90E+13;2.54E+03;1.90E-02
2.54E+19;1.08E+13;2.54E+03;1.08E-02
2.54E+19;2.12E+13;2.54E+03;2.12E-02
2.54E+19;3.72E+13;2.54E+03;3.72E-02
2.54E+19;4.61E+13;2.54E+03;4.61E-02
2.55E+19;3.84E+13;2.55E+03;3.84E-02
2.55E+19;1.30E+13;2.55E+03;1.30E-02
2.55E+19;4.06E+13;2.55E+03;4.06E-02
2.55E+19;9.19E+13;2.55E+03;9.19E-02
2.55E+19;1.33E+14;2.55E+03;1.33E-01
2.55E+19;1.50E+14;2.55E+03;1.50E-01
2.55E+19;1.39E+14;2.55E+03;1.39E-01
2.56E+19;1.05E+14;2.56E+03;1.05E-01
2.56E+19;6.08E+13;2.56E+03;6.08E-02
2.56E+19;2.32E+13;2.56E+03;2.32E-02
2.56E+19;1.31E+13;2.56E+03;1.31E-02
2.56E+19;1.83E+13;2.56E+03;1.83E-02
2.56E+19;1.51E+13;2.56E+03;1.51E-02
2.57E+19;9.14E+12;2.57E+03;9.14E-03
2.57E+19;1.33E+13;2.57E+03;1.33E-02
2.57E+19;2.40E+13;2.57E+03;2.40E-02
2.57E+19;3.22E+13;2.57E+03;3.22E-02
2.57E+19;3.31E+13;2.57E+03;3.31E-02
2.57E+19;2.58E+13;2.57E+03;2.58E-02
2.58E+19;1.87E+13;2.58E+03;1.87E-02
2.58E+19;2.21E+13;2.58E+03;2.21E-02
2.58E+19;2.43E+13;2.58E+03;2.43E-02
2.58E+19;1.55E+13;2.58E+03;1.55E-02
2.58E+19;8.71E+12;2.58E+03;8.71E-03
2.58E+19;3.05E+13;2.58E+03;3.05E-02
2.58E+19;4.82E+13;2.58E+03;4.82E-02
2.59E+19;5.39E+13;2.59E+03;5.39E-02
2.59E+19;4.65E+13;2.59E+03;4.65E-02
2.59E+19;3.10E+13;2.59E+03;3.10E-02
2.59E+19;1.54E+13;2.59E+03;1.54E-02
2.59E+19;9.33E+12;2.59E+03;9.33E-03
2.59E+19;1.03E+13;2.59E+03;1.03E-02
2.60E+19;9.97E+12;2.60E+03;9.97E-03
2.60E+19;1.01E+13;2.60E+03;1.01E-02
2.60E+19;1.19E+13;2.60E+03;1.19E-02
2.60E+19;1.30E+13;2.60E+03;1.30E-02
2.60E+19;1.19E+13;2.60E+03;1.19E-02
2.60E+19;9.62E+12;2.60E+03;9.62E-03
2.60E+19;1.15E+13;2.60E+03;1.15E-02
2.61E+19;1.64E+13;2.61E+03;1.64E-02
2.61E+19;1.72E+13;2.61E+03;1.72E-02
2.61E+19;1.08E+13;2.61E+03;1.08E-02
2.61E+19;1.76E+12;2.61E+03;1.76E-03
2.61E+19;1.03E+13;2.61E+03;1.03E-02
2.61E+19;1.01E+13;2.61E+03;1.01E-02
2.62E+19;8.08E+12;2.62E+03;8.08E-03
2.62E+19;3.63E+13;2.62E+03;3.63E-02
2.62E+19;6.98E+13;2.62E+03;6.98E-02
2.62E+19;9.47E+13;2.62E+03;9.47E-02
2.62E+19;9.99E+13;2.62E+03;9.99E-02
2.62E+19;8.16E+13;2.62E+03;8.16E-02
2.63E+19;4.56E+13;2.63E+03;4.56E-02
2.63E+19;8.88E+12;2.63E+03;8.88E-03
2.63E+19;2.92E+13;2.63E+03;2.92E-02
2.63E+19;4.15E+13;2.63E+03;4.15E-02
2.63E+19;3.49E+13;2.63E+03;3.49E-02
2.63E+19;1.83E+13;2.63E+03;1.83E-02
2.63E+19;1.36E+13;2.63E+03;1.36E-02
2.64E+19;2.07E+13;2.64E+03;2.07E-02
2.64E+19;2.04E+13;2.64E+03;2.04E-02
2.64E+19;1.68E+13;2.64E+03;1.68E-02
2.64E+19;1.62E+13;2.64E+03;1.62E-02
2.64E+19;1.29E+13;2.64E+03;1.29E-02
2.64E+19;5.52E+12;2.64E+03;5.52E-03
2.65E+19;1.68E+13;2.65E+03;1.68E-02
2.65E+19;2.82E+13;2.65E+03;2.82E-02
2.65E+19;2.84E+13;2.65E+03;2.84E-02
2.65E+19;1.67E+13;2.65E+03;1.67E-02
2.65E+19;2.04E+13;2.65E+03;2.04E-02
2.65E+19;4.38E+13;2.65E+03;4.38E-02
2.65E+19;6.00E+13;2.65E+03;6.00E-02
2.66E+19;6.08E+13;2.66E+03;6.08E-02
2.66E+19;4.61E+13;2.66E+03;4.61E-02
2.66E+19;2.20E+13;2.66E+03;2.20E-02
2.66E+19;5.04E+12;2.66E+03;5.04E-03
2.66E+19;2.04E+13;2.66E+03;2.04E-02
2.66E+19;2.64E+13;2.66E+03;2.64E-02
2.67E+19;2.42E+13;2.67E+03;2.42E-02
2.67E+19;2.13E+13;2.67E+03;2.13E-02
2.67E+19;2.25E+13;2.67E+03;2.25E-02
2.67E+19;2.31E+13;2.67E+03;2.31E-02
2.67E+19;1.93E+13;2.67E+03;1.93E-02
2.67E+19;1.27E+13;2.67E+03;1.27E-02
2.68E+19;8.01E+12;2.68E+03;8.01E-03
2.68E+19;5.90E+12;2.68E+03;5.90E-03
2.68E+19;4.29E+12;2.68E+03;4.29E-03
2.68E+19;1.16E+13;2.68E+03;1.16E-02
2.68E+19;2.12E+13;2.68E+03;2.12E-02
2.68E+19;2.69E+13;2.68E+03;2.69E-02
2.68E+19;2.60E+13;2.68E+03;2.60E-02
2.69E+19;2.06E+13;2.69E+03;2.06E-02
2.69E+19;1.85E+13;2.69E+03;1.85E-02
2.69E+19;2.24E+13;2.69E+03;2.24E-02
2.69E+19;2.44E+13;2.69E+03;2.44E-02
2.69E+19;2.05E+13;2.69E+03;2.05E-02
2.69E+19;1.26E+13;2.69E+03;1.26E-02
2.70E+19;5.03E+12;2.70E+03;5.03E-03
2.70E+19;1.53E+12;2.70E+03;1.53E-03
2.70E+19;3.45E+12;2.70E+03;3.45E-03
2.70E+19;9.19E+12;2.70E+03;9.19E-03
2.70E+19;1.45E+13;2.70E+03;1.45E-02
2.70E+19;1.64E+13;2.70E+03;1.64E-02
2.70E+19;1.62E+13;2.70E+03;1.62E-02
2.71E+19;1.79E+13;2.71E+03;1.79E-02
2.71E+19;2.09E+13;2.71E+03;2.09E-02
2.71E+19;2.06E+13;2.71E+03;2.06E-02
2.71E+19;1.53E+13;2.71E+03;1.53E-02
2.71E+19;8.97E+12;2.71E+03;8.97E-03
2.71E+19;8.06E+12;2.71E+03;8.06E-03
2.72E+19;6.59E+12;2.72E+03;6.59E-03
2.72E+19;2.07E+12;2.72E+03;2.07E-03
2.72E+19;1.62E+13;2.72E+03;1.62E-02
2.72E+19;3.18E+13;2.72E+03;3.18E-02
2.72E+19;4.36E+13;2.72E+03;4.36E-02
2.72E+19;4.83E+13;2.72E+03;4.83E-02
2.73E+19;4.55E+13;2.73E+03;4.55E-02
2.73E+19;3.70E+13;2.73E+03;3.70E-02
2.73E+19;2.60E+13;2.73E+03;2.60E-02
2.73E+19;1.71E+13;2.73E+03;1.71E-02
2.73E+19;1.54E+13;2.73E+03;1.54E-02
2.73E+19;1.60E+13;2.73E+03;1.60E-02
2.73E+19;1.23E+13;2.73E+03;1.23E-02
2.74E+19;7.04E+12;2.74E+03;7.04E-03
2.74E+19;1.52E+13;2.74E+03;1.52E-02
2.74E+19;2.49E+13;2.74E+03;2.49E-02
2.74E+19;2.74E+13;2.74E+03;2.74E-02
2.74E+19;2.01E+13;2.74E+03;2.01E-02
2.74E+19;9.09E+12;2.74E+03;9.09E-03
2.75E+19;2.19E+13;2.75E+03;2.19E-02
2.75E+19;3.81E+13;2.75E+03;3.81E-02
2.75E+19;4.33E+13;2.75E+03;4.33E-02
2.75E+19;3.12E+13;2.75E+03;3.12E-02
2.75E+19;8.78E+12;2.75E+03;8.78E-03
2.75E+19;4.62E+13;2.75E+03;4.62E-02
2.75E+19;9.19E+13;2.75E+03;9.19E-02
2.76E+19;1.26E+14;2.76E+03;1.26E-01
2.76E+19;1.38E+14;2.76E+03;1.38E-01
2.76E+19;1.24E+14;2.76E+03;1.24E-01
2.76E+19;8.79E+13;2.76E+03;8.79E-02
2.76E+19;4.40E+13;2.76E+03;4.40E-02
2.76E+19;1.07E+13;2.76E+03;1.07E-02
2.77E+19;2.00E+13;2.77E+03;2.00E-02
2.77E+19;2.19E+13;2.77E+03;2.19E-02
2.77E+19;1.09E+13;2.77E+03;1.09E-02
2.77E+19;5.53E+12;2.77E+03;5.53E-03
2.77E+19;1.42E+13;2.77E+03;1.42E-02
2.77E+19;1.65E+13;2.77E+03;1.65E-02
2.78E+19;1.89E+13;2.78E+03;1.89E-02
2.78E+19;2.46E+13;2.78E+03;2.46E-02
2.78E+19;2.64E+13;2.78E+03;2.64E-02
2.78E+19;2.14E+13;2.78E+03;2.14E-02
2.78E+19;1.57E+13;2.78E+03;1.57E-02
2.78E+19;1.63E+13;2.78E+03;1.63E-02
2.78E+19;1.38E+13;2.78E+03;1.38E-02
2.79E+19;5.07E+12;2.79E+03;5.07E-03
2.79E+19;2.25E+13;2.79E+03;2.25E-02
2.79E+19;4.34E+13;2.79E+03;4.34E-02
2.79E+19;5.55E+13;2.79E+03;5.55E-02
2.79E+19;5.35E+13;2.79E+03;5.35E-02
2.79E+19;3.87E+13;2.79E+03;3.87E-02
2.80E+19;1.92E+13;2.80E+03;1.92E-02
2.80E+19;1.35E+13;2.80E+03;1.35E-02
2.80E+19;2.12E+13;2.80E+03;2.12E-02
2.80E+19;2.22E+13;2.80E+03;2.22E-02
2.80E+19;1.71E+13;2.80E+03;1.71E-02
2.80E+19;1.32E+13;2.80E+03;1.32E-02
2.80E+19;1.60E+13;2.80E+03;1.60E-02
2.81E+19;1.95E+13;2.81E+03;1.95E-02
2.81E+19;1.94E+13;2.81E+03;1.94E-02
2.81E+19;1.61E+13;2.81E+03;1.61E-02
2.81E+19;1.22E+13;2.81E+03;1.22E-02
2.81E+19;9.66E+12;2.81E+03;9.66E-03
2.81E+19;7.19E+12;2.81E+03;7.19E-03
2.82E+19;3.55E+12;2.82E+03;3.55E-03
2.82E+19;2.18E+12;2.82E+03;2.18E-03
2.82E+19;6.44E+12;2.82E+03;6.44E-03
2.82E+19;2.15E+13;2.82E+03;2.15E-02
2.82E+19;4.71E+13;2.82E+03;4.71E-02
2.82E+19;7.63E+13;2.82E+03;7.63E-02
2.83E+19;9.81E+13;2.83E+03;9.81E-02
2.83E+19;1.02E+14;2.83E+03;1.02E-01
2.83E+19;8.28E+13;2.83E+03;8.28E-02
2.83E+19;4.52E+13;2.83E+03;4.52E-02
2.83E+19;2.20E+12;2.83E+03;2.20E-03
2.83E+19;3.42E+13;2.83E+03;3.42E-02
2.83E+19;4.92E+13;2.83E+03;4.92E-02
2.84E+19;4.16E+13;2.84E+03;4.16E-02
2.84E+19;1.90E+13;2.84E+03;1.90E-02
2.84E+19;1.06E+13;2.84E+03;1.06E-02
2.84E+19;2.53E+13;2.84E+03;2.53E-02
2.84E+19;2.69E+13;2.84E+03;2.69E-02
2.84E+19;1.98E+13;2.84E+03;1.98E-02
2.85E+19;1.76E+13;2.85E+03;1.76E-02
2.85E+19;1.83E+13;2.85E+03;1.83E-02
2.85E+19;1.05E+13;2.85E+03;1.05E-02
2.85E+19;7.12E+12;2.85E+03;7.12E-03
2.85E+19;2.15E+13;2.85E+03;2.15E-02
2.85E+19;2.58E+13;2.85E+03;2.58E-02
2.85E+19;1.83E+13;2.85E+03;1.83E-02
2.86E+19;2.39E+13;2.86E+03;2.39E-02
2.86E+19;4.65E+13;2.86E+03;4.65E-02
2.86E+19;6.10E+13;2.86E+03;6.10E-02
2.86E+19;5.74E+13;2.86E+03;5.74E-02
2.86E+19;3.66E+13;2.86E+03;3.66E-02
2.86E+19;8.34E+12;2.86E+03;8.34E-03
2.87E+19;1.79E+13;2.87E+03;1.79E-02
2.87E+19;2.90E+13;2.87E+03;2.90E-02
2.87E+19;2.65E+13;2.87E+03;2.65E-02
2.87E+19;2.22E+13;2.87E+03;2.22E-02
2.87E+19;2.84E+13;2.87E+03;2.84E-02
2.87E+19;3.34E+13;2.87E+03;3.34E-02
2.88E+19;2.94E+13;2.88E+03;2.94E-02
2.88E+19;2.06E+13;2.88E+03;2.06E-02
2.88E+19;1.74E+13;2.88E+03;1.74E-02
2.88E+19;1.75E+13;2.88E+03;1.75E-02
2.88E+19;1.18E+13;2.88E+03;1.18E-02
2.88E+19;3.30E+12;2.88E+03;3.30E-03
2.88E+19;1.09E+13;2.88E+03;1.09E-02
2.89E+19;1.44E+13;2.89E+03;1.44E-02
2.89E+19;1.09E+13;2.89E+03;1.09E-02
2.89E+19;1.26E+13;2.89E+03;1.26E-02
2.89E+19;2.22E+13;2.89E+03;2.22E-02
2.89E+19;2.73E+13;2.89E+03;2.73E-02
2.89E+19;2.48E+13;2.89E+03;2.48E-02
2.90E+19;1.95E+13;2.90E+03;1.95E-02
2.90E+19;1.91E+13;2.90E+03;1.91E-02
2.90E+19;2.00E+13;2.90E+03;2.00E-02
2.90E+19;1.58E+13;2.90E+03;1.58E-02
2.90E+19;7.72E+12;2.90E+03;7.72E-03
2.90E+19;7.14E+12;2.90E+03;7.14E-03
2.90E+19;1.11E+13;2.90E+03;1.11E-02
2.91E+19;1.31E+13;2.91E+03;1.31E-02
2.91E+19;2.03E+13;2.91E+03;2.03E-02
2.91E+19;3.05E+13;2.91E+03;3.05E-02
2.91E+19;3.58E+13;2.91E+03;3.58E-02
2.91E+19;3.19E+13;2.91E+03;3.19E-02
2.91E+19;2.05E+13;2.91E+03;2.05E-02
2.92E+19;1.21E+13;2.92E+03;1.21E-02
2.92E+19;1.70E+13;2.92E+03;1.70E-02
2.92E+19;1.86E+13;2.92E+03;1.86E-02
2.92E+19;1.07E+13;2.92E+03;1.07E-02
2.92E+19;1.00E+13;2.92E+03;1.00E-02
2.92E+19;2.80E+13;2.92E+03;2.80E-02
2.93E+19;4.29E+13;2.93E+03;4.29E-02
2.93E+19;4.95E+13;2.93E+03;4.95E-02
2.93E+19;4.71E+13;2.93E+03;4.71E-02
2.93E+19;3.88E+13;2.93E+03;3.88E-02
2.93E+19;2.97E+13;2.93E+03;2.97E-02
2.93E+19;2.33E+13;2.93E+03;2.33E-02
2.93E+19;1.88E+13;2.93E+03;1.88E-02
2.94E+19;1.39E+13;2.94E+03;1.39E-02
2.94E+19;8.39E+12;2.94E+03;8.39E-03
2.94E+19;3.84E+12;2.94E+03;3.84E-03
2.94E+19;7.00E+12;2.94E+03;7.00E-03
2.94E+19;1.50E+13;2.94E+03;1.50E-02
2.94E+19;2.21E+13;2.94E+03;2.21E-02
2.95E+19;2.45E+13;2.95E+03;2.45E-02
2.95E+19;1.99E+13;2.95E+03;1.99E-02
2.95E+19;1.35E+13;2.95E+03;1.35E-02
2.95E+19;2.02E+13;2.95E+03;2.02E-02
2.95E+19;3.08E+13;2.95E+03;3.08E-02
2.95E+19;3.20E+13;2.95E+03;3.20E-02
2.95E+19;1.91E+13;2.95E+03;1.91E-02
2.96E+19;1.32E+13;2.96E+03;1.32E-02
2.96E+19;4.90E+13;2.96E+03;4.90E-02
2.96E+19;8.61E+13;2.96E+03;8.61E-02
2.96E+19;1.13E+14;2.96E+03;1.13E-01
2.96E+19;1.21E+14;2.96E+03;1.21E-01
2.96E+19;1.07E+14;2.96E+03;1.07E-01
2.97E+19;7.65E+13;2.97E+03;7.65E-02
2.97E+19;3.81E+13;2.97E+03;3.81E-02
2.97E+19;4.09E+12;2.97E+03;4.09E-03
2.97E+19;1.59E+13;2.97E+03;1.59E-02
2.97E+19;1.83E+13;2.97E+03;1.83E-02
2.97E+19;8.62E+12;2.97E+03;8.62E-03
2.98E+19;1.44E+13;2.98E+03;1.44E-02
2.98E+19;2.65E+13;2.98E+03;2.65E-02
2.98E+19;2.89E+13;2.98E+03;2.89E-02
2.98E+19;2.33E+13;2.98E+03;2.33E-02
2.98E+19;2.15E+13;2.98E+03;2.15E-02
2.98E+19;2.85E+13;2.98E+03;2.85E-02
2.98E+19;3.24E+13;2.98E+03;3.24E-02
2.99E+19;2.81E+13;2.99E+03;2.81E-02
2.99E+19;1.75E+13;2.99E+03;1.75E-02
2.99E+19;4.80E+12;2.99E+03;4.80E-03
2.99E+19;1.21E+13;2.99E+03;1.21E-02
2.99E+19;2.84E+13;2.99E+03;2.84E-02
2.99E+19;4.36E+13;2.99E+03;4.36E-02
3.00E+19;5.23E+13;3.00E+03;5.23E-02
3.00E+19;4.96E+13;3.00E+03;4.96E-02
3.00E+19;3.59E+13;3.00E+03;3.59E-02
3.00E+19;1.91E+13;3.00E+03;1.91E-02
3.00E+19;1.96E+13;3.00E+03;1.96E-02
3.00E+19;2.79E+13;3.00E+03;2.79E-02
3.00E+19;2.67E+13;3.00E+03;2.67E-02
3.01E+19;1.56E+13;3.01E+03;1.56E-02
3.01E+19;2.13E+11;3.01E+03;2.13E-04
3.01E+19;1.35E+13;3.01E+03;1.35E-02
3.01E+19;2.05E+13;3.01E+03;2.05E-02
3.01E+19;2.05E+13;3.01E+03;2.05E-02
3.01E+19;1.68E+13;3.01E+03;1.68E-02
3.02E+19;1.35E+13;3.02E+03;1.35E-02
3.02E+19;1.19E+13;3.02E+03;1.19E-02
3.02E+19;9.18E+12;3.02E+03;9.18E-03
3.02E+19;4.00E+12;3.02E+03;4.00E-03
3.02E+19;9.05E+12;3.02E+03;9.05E-03
3.02E+19;2.38E+13;3.02E+03;2.38E-02
3.03E+19;4.32E+13;3.03E+03;4.32E-02
3.03E+19;6.51E+13;3.03E+03;6.51E-02
3.03E+19;8.55E+13;3.03E+03;8.55E-02
3.03E+19;9.81E+13;3.03E+03;9.81E-02
3.03E+19;9.65E+13;3.03E+03;9.65E-02
3.03E+19;7.77E+13;3.03E+03;7.77E-02
3.03E+19;4.43E+13;3.03E+03;4.43E-02
3.04E+19;5.52E+12;3.04E+03;5.52E-03
3.04E+19;2.81E+13;3.04E+03;2.81E-02
3.04E+19;4.49E+13;3.04E+03;4.49E-02
3.04E+19;4.19E+13;3.04E+03;4.19E-02
3.04E+19;2.38E+13;3.04E+03;2.38E-02
3.04E+19;1.22E+12;3.04E+03;1.22E-03
3.05E+19;1.49E+13;3.05E+03;1.49E-02
3.05E+19;1.85E+13;3.05E+03;1.85E-02
3.05E+19;1.32E+13;3.05E+03;1.32E-02
3.05E+19;1.33E+13;3.05E+03;1.33E-02
3.05E+19;1.59E+13;3.05E+03;1.59E-02
3.05E+19;8.47E+12;3.05E+03;8.47E-03
3.05E+19;8.50E+12;3.05E+03;8.50E-03
3.06E+19;2.63E+13;3.06E+03;2.63E-02
3.06E+19;3.45E+13;3.06E+03;3.45E-02
3.06E+19;2.86E+13;3.06E+03;2.86E-02
3.06E+19;2.49E+13;3.06E+03;2.49E-02
3.06E+19;4.49E+13;3.06E+03;4.49E-02
3.06E+19;6.30E+13;3.06E+03;6.30E-02
3.07E+19;6.29E+13;3.07E+03;6.29E-02
3.07E+19;4.23E+13;3.07E+03;4.23E-02
3.07E+19;1.00E+13;3.07E+03;1.00E-02
3.07E+19;2.02E+13;3.07E+03;2.02E-02
3.07E+19;3.45E+13;3.07E+03;3.45E-02
3.07E+19;2.85E+13;3.07E+03;2.85E-02
3.08E+19;1.03E+13;3.08E+03;1.03E-02
3.08E+19;2.05E+13;3.08E+03;2.05E-02
3.08E+19;3.40E+13;3.08E+03;3.40E-02
3.08E+19;3.20E+13;3.08E+03;3.20E-02
3.08E+19;1.79E+13;3.08E+03;1.79E-02
3.08E+19;1.21E+13;3.08E+03;1.21E-02
3.08E+19;2.05E+13;3.08E+03;2.05E-02
3.09E+19;1.97E+13;3.09E+03;1.97E-02
3.09E+19;1.40E+13;3.09E+03;1.40E-02
3.09E+19;2.03E+13;3.09E+03;2.03E-02
3.09E+19;2.64E+13;3.09E+03;2.64E-02
3.09E+19;2.13E+13;3.09E+03;2.13E-02
3.09E+19;1.10E+13;3.09E+03;1.10E-02
3.10E+19;2.09E+13;3.10E+03;2.09E-02
3.10E+19;3.09E+13;3.10E+03;3.09E-02
3.10E+19;2.81E+13;3.10E+03;2.81E-02
3.10E+19;1.44E+13;3.10E+03;1.44E-02
3.10E+19;1.08E+13;3.10E+03;1.08E-02
3.10E+19;2.09E+13;3.10E+03;2.09E-02
3.10E+19;2.03E+13;3.10E+03;2.03E-02
3.11E+19;1.05E+13;3.11E+03;1.05E-02
3.11E+19;1.27E+13;3.11E+03;1.27E-02
3.11E+19;2.02E+13;3.11E+03;2.02E-02
3.11E+19;1.63E+13;3.11E+03;1.63E-02
3.11E+19;8.02E+12;3.11E+03;8.02E-03
3.11E+19;2.34E+13;3.11E+03;2.34E-02
3.12E+19;3.57E+13;3.12E+03;3.57E-02
3.12E+19;3.38E+13;3.12E+03;3.38E-02
3.12E+19;1.87E+13;3.12E+03;1.87E-02
3.12E+19;1.34E+13;3.12E+03;1.34E-02
3.12E+19;2.78E+13;3.12E+03;2.78E-02
3.12E+19;3.00E+13;3.12E+03;3.00E-02
3.13E+19;1.63E+13;3.13E+03;1.63E-02
3.13E+19;1.68E+13;3.13E+03;1.68E-02
3.13E+19;4.13E+13;3.13E+03;4.13E-02
3.13E+19;5.61E+13;3.13E+03;5.61E-02
3.13E+19;5.50E+13;3.13E+03;5.50E-02
3.13E+19;4.12E+13;3.13E+03;4.12E-02
3.13E+19;2.59E+13;3.13E+03;2.59E-02
3.14E+19;2.11E+13;3.14E+03;2.11E-02
3.14E+19;1.98E+13;3.14E+03;1.98E-02
3.14E+19;1.24E+13;3.14E+03;1.24E-02
3.14E+19;3.59E+12;3.14E+03;3.59E-03
3.14E+19;8.67E+12;3.14E+03;8.67E-03
3.14E+19;1.00E+13;3.14E+03;1.00E-02
3.15E+19;8.27E+12;3.15E+03;8.27E-03
3.15E+19;1.39E+13;3.15E+03;1.39E-02
3.15E+19;1.97E+13;3.15E+03;1.97E-02
3.15E+19;1.90E+13;3.15E+03;1.90E-02
3.15E+19;1.44E+13;3.15E+03;1.44E-02
3.15E+19;1.92E+13;3.15E+03;1.92E-02
3.15E+19;2.90E+13;3.15E+03;2.90E-02
3.16E+19;3.14E+13;3.16E+03;3.14E-02
3.16E+19;2.16E+13;3.16E+03;2.16E-02
3.16E+19;7.42E+12;3.16E+03;7.42E-03
3.16E+19;3.26E+13;3.16E+03;3.26E-02
3.16E+19;6.29E+13;3.16E+03;6.29E-02
3.16E+19;8.72E+13;3.16E+03;8.72E-02
3.17E+19;9.98E+13;3.17E+03;9.98E-02
3.17E+19;9.82E+13;3.17E+03;9.82E-02
3.17E+19;8.34E+13;3.17E+03;8.34E-02
3.17E+19;5.93E+13;3.17E+03;5.93E-02
3.17E+19;3.25E+13;3.17E+03;3.25E-02
3.17E+19;1.17E+13;3.17E+03;1.17E-02
3.18E+19;1.27E+13;3.18E+03;1.27E-02
3.18E+19;1.56E+13;3.18E+03;1.56E-02
3.18E+19;1.19E+13;3.18E+03;1.19E-02
3.18E+19;1.44E+13;3.18E+03;1.44E-02
3.18E+19;2.40E+13;3.18E+03;2.40E-02
3.18E+19;2.86E+13;3.18E+03;2.86E-02
3.18E+19;2.37E+13;3.18E+03;2.37E-02
3.19E+19;1.28E+13;3.19E+03;1.28E-02
3.19E+19;1.53E+13;3.19E+03;1.53E-02
3.19E+19;2.67E+13;3.19E+03;2.67E-02
3.19E+19;3.02E+13;3.19E+03;3.02E-02
3.19E+19;2.33E+13;3.19E+03;2.33E-02
3.19E+19;1.19E+13;3.19E+03;1.19E-02
3.20E+19;1.78E+13;3.20E+03;1.78E-02
3.20E+19;3.16E+13;3.20E+03;3.16E-02
3.20E+19;4.09E+13;3.20E+03;4.09E-02
